time,Volume,Vol Snow,Vol Blue Ice,Vol White Ice,Tot Inflow Vol,Tot Outflow Vol,Overflow Vol,Evaporation,Rain,Local Runoff,Snowfall,Lake Level,Surface Area,Blue Ice Thickness,Snow Thickness,Snow Density,White Ice Thickness,Albedo,Max Temp,Min Temp,Surface Temp,Daily Qsw,Daily Qe,Daily Qh,Daily Qlw,Light,Benthic Light,Surface Wave Height,Surface Wave Length,Surface Wave Period,LakeNumber,Max dT/dz,CD,CHE,z/L
2015-01-01 24:00:00,494588223.607532,    0.000000,    0.000000,    0.000000,    0.000000,    0.000000,252877.598733,-50296.607263,    0.000000,    0.000000,    0.000000,   24.992329,39579157.097018,    0.000000,    0.000000,    0.000000,    0.000000,    0.100000,    2.667502,    1.557809,    1.557809,   53.713898,  -36.737825,  -42.113372,  -45.298997,    0.000000,    0.000000,    0.241325,    5.716933,    1.913537,   89.383814,    0.389355,    0.001300,    0.001300,    0.000000
2015-01-02 24:00:00,494547692.618785,    0.000000,    0.000000,    0.000000,    0.000000,    0.000000,    0.000000,-40598.954533,    0.000000,    0.000000,    0.000000,   24.991303,39577532.611291,    0.000000,    0.000000,    0.000000,    0.000000,    0.099997,    1.433177,    1.409507,    1.409507,   79.521456,  -29.659114,  -30.518442, -102.211543,    0.000000,    0.000000,    0.140461,    3.435600,    1.483395,   97.445735,    0.438459,    0.001300,    0.001300,    0.000000
2015-01-03 24:00:00,494619029.537410,    0.000000,    0.000000,    0.000000,    0.000000,    0.000000,    0.000000,-19320.332335,90777.266631,    0.000000,    0.000000,   24.993109,39580391.801498,    0.000000,    0.000000,    0.000000,    0.000000,    0.099988,    1.433788,    1.324663,    1.324663,   31.597699,  -14.113167,  -17.282781,  -43.300986,    0.000000,    0.000000,    0.001641,    0.051242,    0.181163,25199.448810,    0.438459,    0.001300,    0.001300,    0.000000
2015-01-04 24:00:00,494650605.026994,    0.000000,    0.000000,    0.000000,    0.000000,    0.000000,    0.000000,-82458.609392,114086.992731,    0.000000,    0.000000,   24.993908,39581657.350001,    0.000000,    0.000000,    0.000000,    0.000000,    0.099973,    1.077628,    1.077628,    1.077628,   61.953722,  -60.231861,  -97.465798,  -58.294855,    0.000000,    0.000000,    0.445134,   10.012650,    2.532386,    0.000000,    0.443706,    0.001300,    0.001300,    0.000000
2015-01-05 24:00:00,494526517.398575,    0.000000,    0.000000,    0.000000,    0.000000,    0.000000,12171.380303,-112105.762208,    0.000000,    0.000000,    0.000000,   24.990768,39576683.906533,    0.000000,    0.000000,    0.000000,    0.000000,    0.099953,    0.739572,    0.000000,    0.000000,   79.880688,  -81.931068, -188.165412, -147.305256,    0.000000,    0.000000,    0.062535,    1.575955,    1.004679,   51.459398,    0.569762,    0.001300,    0.001300,    0.000000
2015-01-06 24:00:00,494600703.466285,    0.000000,    0.000000,    0.000000,    0.000000,    0.000000,    0.000000,-63662.900971,137971.152502,    0.000000,    0.000000,   24.992645,39579657.290895,    0.000000,    0.000000,    0.000000,    0.000000,    0.099926,    0.725521,    0.400066,    0.400066,   89.505661,  -46.543797,  -94.987244, -117.223494,    0.000000,    0.000000,    0.348694,    8.023371,    2.266908,   48.821052,    0.261468,    0.001300,    0.001300,    0.000000
2015-01-07 24:00:00,494442925.895863,    0.000000,    0.000000,    0.000000,    0.000000,    0.000000,    0.000000,-158035.146423,    0.000000,    0.000000,    0.000000,   24.988652,39573333.551477,    0.000000,    0.000000,    0.000000,    0.000000,    0.099893,    0.158311,    0.158311,    0.158311,   85.458112, -115.563550, -262.923204, -139.244950,    0.000000,    0.000000,    0.342232,    7.887441,    2.247623,    0.000000,    0.443724,    0.001300,    0.001300,    0.000000
2015-01-08 24:00:00,492501501.088865,    0.000000,1902267.003860,    0.000000,    0.000000,    0.000000,    0.000000,-123412.330071,85212.082249,    0.000000,    0.000000,   24.939517,39495521.068080,    0.052524,    0.000000,    0.000000,    0.000000,    0.080000,    0.104496,    0.104496,    0.104496,   62.953026,  -90.318494, -211.803993, -129.875469,    0.000000,    0.000000,    0.528272,   11.678489,    2.734948,    0.000000,    0.443895,    0.001300,    0.001300,    0.000000
2015-01-09 24:00:00,491227561.188474,    0.000000,3083431.783558,    0.000000,    0.000000,    0.000000,    0.000000,-88074.142335,    0.000000,    0.000000,    0.000000,   24.907275,39444461.440639,    0.085247,    0.000000,  100.000000,    0.000000,    0.162417,    0.369988,    0.369988,    0.369988,   62.164258,  -63.393714,   -0.001949,  -84.152080,    0.000000,    0.000000,    0.528272,   11.678489,    2.734948,    0.000000,    0.444007,    0.001300,    0.001300,    0.000000
2015-01-10 24:00:00,490058160.550050,    0.000000,4202227.729161,    0.000000,    0.000000,    0.000000,    0.000000,-47006.169878,    0.000000,    0.000000,    0.000000,   24.877589,39397449.509968,    0.116317,    0.000000,  100.000000,    0.000000,    0.252443,    0.612803,    0.612803,    0.612803,   68.232699,  -33.874318,   -0.002328, -113.811877,    0.000000,    0.000000,    0.528272,   11.678489,    2.734948,    0.000000,    0.444110,    0.001300,    0.001300,    0.000000
2015-01-11 24:00:00,489470925.366212,    0.000000,4766053.631539,    0.000000,    0.000000,    0.000000,    0.000000,-21156.573071,    0.000000,    0.000000,    0.000000,   24.862668,39373818.356008,    0.132002,    0.000000,  100.000000,    0.000000,    0.285829,    0.755661,    0.755661,    0.755661,   69.631781,  -15.255330,   -0.000855,  -80.695461,    0.000000,    0.000000,    0.528272,   11.678489,    2.734948,    0.000000,    0.444161,    0.001300,    0.001300,    0.000000
2015-01-12 24:00:00,488824094.736106,    0.000000,5383503.171994,    0.000000,    0.000000,    0.000000,    0.000000,-26101.982775,    0.000000,    0.000000,    0.000000,   24.846231,39347788.999071,    0.149202,    0.000000,  100.000000,    0.000000,    0.298436,    0.906766,    0.906766,    0.906766,   73.713184,  -18.833757,   -0.000997,  -87.845168,    0.000000,    0.000000,    0.528272,   11.678489,    2.734948,    0.000000,    0.444218,    0.001300,    0.001300,    0.000000
2015-01-13 24:00:00,488007195.407163,    0.000000,6179301.121649,    0.000000,    0.000000,    0.000000,    0.000000,-15762.288355,    0.000000,    0.000000,    0.000000,   24.825473,39314915.843062,    0.171401,    0.000000,  100.000000,    0.000000,    0.310398,    1.074602,    1.074602,    1.074602,   69.340027,  -11.382711,   -0.001580, -114.462207,    0.000000,    0.000000,    0.528272,   11.678489,    2.734948,    0.000000,    0.444290,    0.001300,    0.001300,    0.000000
2015-01-14 24:00:00,487452942.143597,    0.000000,6707435.741221,    0.000000,    0.000000,    0.000000,    0.000000,-21729.546503,    0.000000,    0.000000,    0.000000,   24.811389,39292611.927076,    0.186156,    0.000000,  100.000000,    0.000000,    0.323801,    1.181192,    1.138610,    1.138610,   49.379975,  -15.700865,   -0.001307,  -78.207824,    0.000000,    0.000000,    0.528272,   11.678489,    2.734948,    7.685967,    0.435153,    0.001300,    0.001300,    0.000000
2015-01-15 24:00:00,487189978.921372,    0.000000,6949967.964742,    0.000000,    0.000000,    0.000000,    0.000000,-18134.955490,    0.000000,    0.000000,    0.000000,   24.804707,39282029.924224,    0.192939,    0.000000,  100.000000,    0.000000,    0.331758,    1.257667,    0.972960,    0.972960,   58.515659,  -13.107093,   -0.000821,  -57.443479,    0.000000,    0.000000,    0.528272,   11.678489,    2.734948,    4.605033,    0.435210,    0.001300,    0.001300,    0.000000
2015-01-16 24:00:00,487011447.928499,    0.000000,7118994.293555,    0.000000,    0.000000,    0.000000,    0.000000,-7868.108570,    0.000000,    0.000000,    0.000000,   24.800171,39274845.590766,    0.197667,    0.000000,  100.000000,    0.000000,    0.335208,    1.304161,    1.007199,    1.007199,   54.749315,   -5.687739,   -0.000350,  -54.384155,    0.000000,    0.000000,    0.528272,   11.678489,    2.734948,    4.620248,    0.435235,    0.001300,    0.001300,    0.000000
2015-01-17 24:00:00,486966358.323037,    0.000000,7156195.960600,    0.000000,    0.000000,    0.000000,    0.000000,-7618.108280,    0.000000,    0.000000,    0.000000,   24.799021,39273024.885087,    0.198709,    0.000000,  100.000000,    0.000000,    0.337545,    1.343260,    0.865342,    0.865342,   52.942190,   -3.239646,   -0.000045,  -43.781083,    0.000000,    0.000000,    0.528272,   11.678489,    2.734948,    1.816913,    0.435259,    0.001300,    0.001300,    0.000000
2015-01-18 24:00:00,486894380.727059,    0.000000,7226281.483664,    0.000000,    0.000000,    0.000000,    0.000000,-1495.250259,    0.000000,    0.000000,    0.000000,   24.797185,39270116.704362,    0.200670,    0.000000,  100.000000,    0.000000,    0.338052,    1.377782,    0.896322,    0.896322,   57.825130,   -1.081024,    0.000316,  -48.162314,    0.000000,    0.000000,    0.528272,   11.678489,    2.734948,    5.055434,    0.435259,    0.001300,    0.001300,    0.000000
2015-01-19 24:00:00,486763742.387394,    0.000000,7352899.282533,    0.000000,    0.000000,    0.000000,    0.000000,-3274.282132,    0.000000,    0.000000,    0.000000,   24.793852,39264838.396629,    0.204214,    0.000000,  100.000000,    0.000000,    0.339000,    1.410762,    0.978429,    0.978429,   50.749930,   -1.462421,    0.000168,  -52.831944,    0.000000,    0.000000,    0.528272,   11.678489,    2.734948,    3.443380,    0.435285,    0.001300,    0.001300,    0.000000
2015-01-20 24:00:00,486927822.177895,    0.000000,7183371.967466,    0.000000,    0.000000,    0.000000,    0.000000,-6380.860864,    0.000000,    0.000000,    0.000000,   24.798038,39271467.871783,    0.199472,    0.000000,  100.000000,    0.000000,    0.338416,    1.428174,    0.454025,    0.454025,   29.182227,   -2.671711,   -0.000107,   -6.040322,    0.000000,    0.000000,    0.528272,   11.678489,    2.734948,    8.725060,    0.435285,    0.001300,    0.001300,    0.000000
2015-01-21 24:00:00,486944384.583252,    0.000000,7161000.019229,    0.000000,    0.000000,    0.000000,    0.000000,-5900.761550,    0.000000,    0.000000,    0.000000,   24.798461,39272137.058735,    0.198847,    0.000000,  100.000000,    0.000000,    0.338035,    1.442009,    0.333667,    0.333667,   23.118654,   -4.265867,   -0.000091,  -11.261836,    0.000000,    0.000000,    0.528272,   11.678489,    2.734948,   21.077321,    0.435285,    0.001300,    0.001300,    0.000000
2015-01-22 24:00:00,486782081.164908,    0.000000,7321910.149720,    0.000000,    0.000000,    0.000000,    0.000000, -475.684934,    0.000000,    0.000000,    0.000000,   24.794320,39265579.356071,    0.203349,    0.000000,  100.000000,    0.000000,    0.338119,    1.485336,    0.824435,    0.824435,   72.812738,   -0.343947,    0.000154,  -59.687276,    0.000000,    0.000000,    0.528272,   11.678489,    2.734948,    5.568706,    0.435285,    0.001300,    0.001300,    0.000000
2015-01-23 24:00:00,486538559.930331,    0.000000,7560865.074647,    0.000000,    0.000000,    0.000000,    0.000000,-3095.511104,    0.000000,    0.000000,    0.000000,   24.788107,39255740.131087,    0.210039,    0.000000,  100.000000,    0.000000,    0.340282,    1.531334,    1.112775,    1.112775,   64.616705,   -2.238788,    0.000298,  -72.008227,    0.000000,    0.000000,    0.528272,   11.678489,    2.734948,    2.093873,    0.435320,    0.001300,    0.001300,    0.000000
2015-01-24 24:00:00,486552431.176059,    0.000000,7543043.341411,    0.000000,    0.000000,    0.000000,    0.000000,-4037.131885,    0.000000,    0.000000,    0.000000,   24.788461,39256300.584502,    0.209540,    0.000000,  100.000000,    0.000000,    0.343174,    1.562795,    0.909490,    0.909490,   53.617086,   -0.773372,    0.000272,  -41.337227,    0.000000,    0.000000,    0.528272,   11.678489,    2.734948,   12.506817,    0.435320,    0.001300,    0.001300,    0.000000
2015-01-25 24:00:00,486531703.792310,    0.000000,7551092.099518,    0.000000,    0.000000,    0.000000,    0.000000,-12548.440159,    0.000000,    0.000000,    0.000000,   24.787932,39255463.115882,    0.209769,    0.000000,  100.000000,    0.000000,    0.342720,    1.593980,    0.830049,    0.830049,   52.904280,   -9.075560,    0.000146,  -31.039526,    0.000000,    0.000000,    0.528272,   11.678489,    2.734948,    2.739820,    0.435320,    0.001300,    0.001300,    0.000000
2015-01-26 24:00:00,486214945.393696,    0.000000,7854839.444917,    0.000000,    0.000000,    0.000000,    0.000000,-10917.709788,    0.000000,    0.000000,    0.000000,   24.779850,39242664.818621,    0.218278,    0.000000,  100.000000,    0.000000,    0.343287,    1.606367,    1.245488,    1.245488,   21.281415,   -7.898723,   -0.000256,  -53.160474,    0.000000,    0.000000,    0.528272,   11.678489,    2.734948,    4.855712,    0.435320,    0.001300,    0.001300,    0.000000
2015-01-27 24:00:00,486419011.706434,    0.000000,7645878.150596,    0.000000,    0.000000,    0.000000,    0.000000,-6267.132658,    0.000000,    0.000000,    0.000000,   24.785057,39250909.908074,    0.212426,    0.000000,  100.000000,    0.000000,    0.344344,    1.639573,    0.630818,    0.630818,   56.724581,   -2.987766,   -0.000244,  -18.633904,    0.000000,    0.000000,    0.528272,   11.678489,    2.734948,   27.120629,    0.435320,    0.001300,    0.001300,    0.000000
2015-01-28 24:00:00,486276973.899347,    0.000000,7781392.587677,    0.000000,    0.000000,    0.000000,    0.000000,-5576.636825,    0.000000,    0.000000,    0.000000,   24.781433,39245171.016586,    0.216223,    0.000000,  100.000000,    0.000000,    0.344507,    1.679798,    0.888534,    0.888534,   69.020681,   -4.034316,    0.000073,  -58.579022,    0.000000,    0.000000,    0.528272,   11.678489,    2.734948,    1.205144,    0.435320,    0.001300,    0.001300,    0.000000
2015-01-29 24:00:00,486351552.892521,    0.000000,7697243.923515,    0.000000,    0.000000,    0.000000,    0.000000,-10071.269647,    0.000000,    0.000000,    0.000000,   24.783336,39248184.304089,    0.213868,    0.000000,  100.000000,    0.000000,    0.345003,    1.711409,    0.554261,    0.554261,   54.028988,   -7.285317,    0.000075,  -23.665237,    0.000000,    0.000000,    0.528272,   11.678489,    2.734948,    0.787899,    0.435320,    0.001300,    0.001300,    0.000000
2015-01-30 24:00:00,486080140.046031,    0.000000,7949030.927535,    0.000000,    0.000000,    0.000000,    0.000000,-17751.135324,    0.000000,    0.000000,    0.000000,   24.776411,39237218.147217,    0.220926,    0.000000,  100.000000,    0.000000,    0.345162,    1.740119,    1.114053,    1.114053,   49.446080,  -12.844338,   -0.000261,  -52.186801,    0.166378,    0.000000,    0.528272,   11.678489,    2.734948,    8.771494,    0.435320,    0.001300,    0.001300,    0.000000
2015-01-31 24:00:00,485951809.371949,    0.000000,8071532.726040,    0.000000,    0.000000,    0.000000,    0.000000,-4893.272524,    0.000000,    0.000000,    0.000000,   24.773137,39232033.078338,    0.224360,    0.000000,  100.000000,    0.000000,    0.348311,    1.784020,    1.193941,    1.193941,   76.141012,   -3.541134,   -0.000015,  -67.424223,    1.399071,    0.000000,    0.528272,   11.678489,    2.734948,   14.771429,    0.435320,    0.001300,    0.001300,    0.000000
2015-02-01 24:00:00,485991137.588567,    0.000000,7999760.913877,    0.000000,    0.000000,    0.000000,    0.000000,-32733.010027,    0.000000,    0.000000,    0.000000,   24.774140,39233622.094476,    0.222356,    0.000000,  100.000000,    0.000000,    0.348733,    1.817062,    0.877537,    0.877537,   57.036999,  -23.687070,   -0.000367,  -15.844447,    1.998175,    0.000000,    0.528272,   11.678489,    2.734948,    0.820425,    0.435320,    0.001300,    0.001300,    0.000000
2015-02-02 24:00:00,485579487.628400,-1109.545115,8387962.162330,    0.000000,    0.000000,    0.000000,    0.000000,-21886.226339,    0.000000,    0.000000,  503.194744,   24.763638,39216989.801280,    0.233245,   -0.000057,  500.000000,    0.000000,    0.348938,    1.864323,    1.743448,    1.743448,   81.009888,  -15.844569,   -0.000819,  -86.847525,    3.440831,    0.000000,    0.528272,   11.678489,    2.734948,    5.481181,    0.435453,    0.001300,    0.001300,    0.000000
2015-02-03 24:00:00,485427287.296268,-1109.371130,8522993.983709,    0.000000,    0.000000,    0.000000,    0.000000,-15912.047565,    0.000000,    0.000000,    0.000000,   24.759755,39210840.303422,    0.237037,   -0.000057,  500.000000,    0.000000,    0.353591,    1.926896,    1.356443,    1.356443,   70.431019,  -11.384748,   -0.001064,  -65.453877,    3.637760,    0.000000,    0.528272,   11.678489,    2.734948,    9.185623,    0.435502,    0.001300,    0.001300,    0.000000
2015-02-04 24:00:00,485362328.075793, -127.717840,8564258.020795,    0.000000,    0.000000,    0.000000,    0.000000,-23743.489482,    0.000000,    0.000000,  471.847568,   24.758097,39208215.692939,    0.238201,   -0.000007,  500.000000,    0.000000,    0.355107,    1.960161,    1.246667,    1.246667,   59.017485,  -17.192985,   -0.000712,  -37.556117,    5.333540,    0.000000,    0.528272,   11.678489,    2.734948,    1.726357,    0.435502,    0.001300,    0.001300,    0.000000
2015-02-05 24:00:00,484813393.798764, -127.645594,9090921.483944,    0.000000,    0.000000,    0.000000,    0.000000,-17287.507746,    0.000000,    0.000000,    0.000000,   24.744092,39186036.568139,    0.252992,   -0.000007,  500.000000,    0.000000,    0.355643,    2.033707,    1.931702,    1.931702,   85.313367,  -12.525205,   -0.001146, -112.251787,    6.957120,    0.000000,    0.528272,   11.678489,    2.734948,    1.843704,    0.435572,    0.001300,    0.001300,    0.000000
2015-02-06 24:00:00,484651550.329599, -127.624293,9234157.652956,    0.000000,    0.000000,    0.000000,    0.000000,-17023.813331,    0.000000,    0.000000,    0.000000,   24.739963,39179497.449249,    0.257021,   -0.000007,  500.000000,    0.000000,    0.361544,    2.082782,    1.423629,    1.423629,   49.366185,  -12.336211,   -0.000939,  -57.443471,    5.096592,    0.000000,    0.528272,   11.678489,    2.734948,    6.704589,    0.430328,    0.001300,    0.001300,    0.000000
2015-02-07 24:00:00,484661965.659003, -127.625664,9216648.129001,    0.000000,    0.000000,    0.000000,    0.000000,-7197.720887,    0.000000,    0.000000,    0.000000,   24.740229,39179918.269919,    0.256531,   -0.000007,  500.000000,    0.000000,    0.362954,    2.122504,    1.109874,    1.109874,   72.910333,   -3.511707,   -0.000294,  -56.418139,    6.576757,    0.000000,    0.528272,   11.678489,    2.734948,    3.722966,    0.430328,    0.001300,    0.001300,    0.000000
2015-02-08 24:00:00,484849586.506120, -127.650357,9021139.993653,    0.000000,    0.000000,    0.000000,    0.000000,-9717.879281,    0.000000,    0.000000,    0.000000,   24.745016,39187498.897250,    0.251041,   -0.000007,  500.000000,    0.000000,    0.360636,    2.160815,    0.665037,    0.665037,   69.751513,   -1.267378,    0.000087,  -31.481592,    9.381157,    0.000000,    0.528272,   11.678489,    2.734948,    3.276712,    0.430328,    0.001300,    0.001300,    0.000000
2015-02-09 24:00:00,484816912.587790, -127.646057,9033379.047289,    0.000000,    0.000000,    0.000000,    0.000000,-20119.893851,    0.000000,    0.000000,    0.000000,   24.744182,39186178.741190,    0.251390,   -0.000007,  500.000000,    0.000000,    0.360602,    2.200474,    0.708897,    0.708897,   72.040960,  -14.577283,   -0.000407,  -37.498525,   10.879755,    0.000000,    0.528272,   11.678489,    2.734948,    5.648702,    0.430328,    0.001300,    0.001300,    0.000000
2015-02-10 24:00:00,484637898.555990, -127.622496,9200215.657582,    0.000000,    0.000000,    0.000000,    0.000000,-10423.767471,    0.000000,    0.000000,    0.000000,   24.739615,39178945.863379,    0.256080,   -0.000007,  500.000000,    0.000000,    0.360920,    2.239551,    1.038775,    1.038775,   71.609529,   -5.545713,   -0.000388,  -67.773646,    7.334016,    0.000000,    0.528272,   11.678489,    2.734948,    2.730627,    0.430328,    0.001300,    0.001300,    0.000000
2015-02-11 24:00:00,484732038.634336, -127.634886,9082510.463048,    0.000000,    0.000000,    0.000000,    0.000000,-24493.197860,    0.000000,    0.000000,    0.000000,   24.742017,39182749.496407,    0.252779,   -0.000007,  500.000000,    0.000000,    0.361285,    2.270212,    0.635704,    0.635704,   55.766079,  -17.747386,   -0.000242,  -14.471521,   10.925345,    0.000000,    0.528272,   11.678489,    2.734948,    0.903172,    0.430328,    0.001300,    0.001300,    0.000000
2015-02-12 24:00:00,484362482.669999, -127.586248,9421248.204957,    0.000000,    0.000000,    0.000000,    0.000000,-27082.412316,    0.000000,    0.000000,    0.000000,   24.732588,39167817.967813,    0.262307,   -0.000007,  500.000000,    0.000000,    0.361462,    2.319436,    1.500312,    1.500312,   90.461876,  -19.630971,   -0.000556,  -82.296245,   13.611007,    0.000000,    0.528272,   11.678489,    2.734948,    6.217883,    0.430328,    0.001300,    0.001300,    0.000000
2015-02-13 24:00:00,484154964.722409, -127.558936,9602250.485980,    0.000000,    0.000000,    0.000000,    0.000000,-24303.754858,    0.000000,    0.000000,    0.000000,   24.727294,39159433.418605,    0.267404,   -0.000007,  500.000000,    0.000000,    0.365104,    2.340716,    1.500528,    1.500528,   39.397992,  -17.620604,   -0.000978,  -49.244797,    9.804656,    0.000000,    0.528272,   11.678489,    2.734948,    1.907003,    0.430328,    0.001300,    0.001300,    0.000000
2015-02-14 24:00:00,483972529.277311, -127.534925,9742455.873061,    0.000000,    0.000000,    0.000000,    0.000000,-40217.008698,    0.000000,    0.000000,    0.000000,   24.722639,39152062.302109,    0.271359,   -0.000007,  500.000000,    0.000000,    0.367004,    2.382488,    1.638791,    1.638791,   77.550068,  -29.163452,   -0.000635,  -53.285340,   13.616297,    0.000000,    0.528272,   11.678489,    2.734948,    1.184391,    0.430328,    0.001300,    0.001300,    0.000000
2015-02-15 24:00:00,483629964.220899, -127.489839,10063170.196870,    0.000000,    0.000000,    0.000000,    0.000000,-17904.037749,    0.000000,    0.000000,    0.000000,   24.713899,39138221.313385,    0.280391,   -0.000007,  500.000000,    0.000000,    0.368456,    2.416088,    1.888842,    1.888842,   57.246841,  -12.987744,   -0.001462,  -82.669326,   11.928516,    0.000000,    0.528272,   11.678489,    2.734948,   29.426699,    0.430544,    0.001300,    0.001300,    0.000000
2015-02-16 24:00:00,483534680.843456, -127.477298,10144411.007720,    0.000000,    0.000000,    0.000000,    0.000000,-12903.328822,    0.000000,    0.000000,    0.000000,   24.711468,39134371.486533,    0.282683,   -0.000007,  500.000000,    0.000000,    0.371705,    2.453472,    1.616073,    1.616073,   71.033357,   -9.361107,   -0.001087,  -66.661121,   13.989074,    0.000000,    0.528272,   11.678489,    2.734948,   10.351685,    0.430544,    0.001300,    0.001300,    0.000000
2015-02-17 24:00:00,483416090.680348, -127.461690,10235085.220328,    0.000000,    0.000000,    0.000000,    0.000000,-26471.460404,    0.000000,    0.000000,    0.000000,   24.708443,39129579.972981,    0.285244,   -0.000007,  500.000000,    0.000000,    0.372514,    2.493609,    1.506348,    1.506348,   76.495074,  -19.206867,   -0.000781,  -59.201189,   15.405309,    0.000000,    0.528272,   11.678489,    2.734948,    4.019919,    0.430544,    0.001300,    0.001300,    0.000000
2015-02-18 24:00:00,483133024.000006, -127.424435,10482911.512306,    0.000000,    0.000000,    0.000000,    0.000000,-31687.475782,    0.000000,    0.000000,    0.000000,   24.701221,39118142.954939,    0.292236,   -0.000007,  500.000000,    0.000000,    0.373412,    2.533883,    1.852625,    1.852625,   77.203264,  -22.998167,   -0.001004,  -72.628699,   16.403596,    0.000000,    0.528272,   11.678489,    2.734948,    1.422332,    0.430544,    0.001300,    0.001300,    0.000000
2015-02-19 24:00:00,482836850.170894, -127.385322,10750654.055153,    0.000000,    0.000000,    0.000000,    0.000000,-25542.963660,    0.000000,    0.000000,    0.000000,   24.693639,39106135.651508,    0.299792,   -0.000007,  500.000000,    0.000000,    0.375828,    2.579036,    2.062128,    2.062128,   87.086912,  -18.544289,   -0.001311,  -91.945410,   17.822160,    0.000000,    0.528272,   11.678489,    2.734948,   11.261729,    0.430725,    0.001300,    0.001300,    0.000000
2015-02-20 24:00:00,482577292.058162, -127.351023,10974742.999662,    0.000000,    0.000000,    0.000000,    0.000000,-32962.436568,    0.000000,    0.000000,    0.000000,   24.686989,39095605.928547,    0.306124,   -0.000007,  500.000000,    0.000000,    0.378384,    2.613807,    1.994344,    1.994344,   62.802193,  -23.937300,   -0.001341,  -70.949960,    8.184937,    0.000000,    0.528272,   11.678489,    2.734948,    1.449952,    0.430782,    0.001300,    0.001300,    0.000000
2015-02-21 24:00:00,482773847.136666, -127.376997,10764547.853882,    0.000000,    0.000000,    0.000000,    0.000000,-15547.215625,    0.000000,    0.000000,    0.000000,   24.692025,39103579.751832,    0.300199,   -0.000007,  500.000000,    0.000000,    0.378498,    2.650055,    1.067737,    1.067737,   71.042109,  -10.031056,   -0.000773,  -34.153645,   11.255201,    0.000000,    0.528272,   11.678489,    2.734948,    7.870704,    0.430782,    0.001300,    0.001300,    0.000000
2015-02-22 24:00:00,482513639.419522, -127.342611,10996624.183631,    0.000000,    0.000000,    0.000000,    0.000000,-25588.219259,    0.000000,    0.000000,    0.000000,   24.685359,39093023.675796,    0.306754,   -0.000007,  500.000000,    0.000000,    0.378520,    2.696339,    1.498240,    1.498240,   91.177966,  -18.583376,   -0.000640,  -79.912387,   20.220178,    0.000000,    0.528272,   11.678489,    2.734948,    1.629023,    0.430782,    0.001300,    0.001300,    0.000000
2015-02-23 24:00:00,482179749.315616, -127.298489,11309458.115422,    0.000000,    0.000000,    0.000000,    0.000000,-17604.535706,    0.000000,    0.000000,    0.000000,   24.676806,39079478.461368,    0.315590,   -0.000007,  500.000000,    0.000000,    0.380689,    2.748419,    1.969356,    1.969356,  103.633898,  -12.789678,   -0.001229, -107.645968,   23.952579,    0.000000,    0.528272,   11.678489,    2.734948,    2.523235,    0.430782,    0.001300,    0.001300,    0.000000
2015-02-24 24:00:00,482075764.442215, -127.284747,11379950.366598,    0.000000,    0.000000,    0.000000,    0.000000,-32370.308302,    0.000000,    0.000000,    0.000000,   24.674142,39075260.015266,    0.317592,   -0.000007,  500.000000,    0.000000,    0.383551,    2.782280,    1.593610,    1.593610,   67.684279,  -23.519537,   -0.000803,  -56.506440,   19.898445,    0.000000,    0.528272,   11.678489,    2.734948,    2.148496,    0.430782,    0.001300,    0.001300,    0.000000
2015-02-25 24:00:00,482053938.520076, -127.281863,11389913.261903,    0.000000,    0.000000,    0.000000,    0.000000,-11624.408068,    0.000000,    0.000000,    0.000000,   24.673583,39074374.583826,    0.317877,   -0.000007,  500.000000,    0.000000,    0.384190,    2.822965,    1.326180,    1.326180,   81.485229,   -5.205137,   -0.000620,  -69.575945,   20.030900,    0.000000,    0.528272,   11.678489,    2.734948,   13.736837,    0.430782,    0.001300,    0.001300,    0.000000
2015-02-26 24:00:00,482007327.351289, -121.423058,11402752.054985,    0.000000,    0.000000,    0.000000,    0.000000,-33687.733134,    0.000000,    0.000000,  306.093021,   24.672389,39072483.667418,    0.318251,   -0.000006,  500.000000,    0.000000,    0.384281,    2.862196,    1.152910,    1.152910,   78.311413,  -24.478487,   -0.001077,  -44.430574,   19.823401,    0.000000,    0.528272,   11.678489,    2.734948,    2.734114,    0.430782,    0.001300,    0.001300,    0.000000
2015-02-27 24:00:00,481917590.579377, -121.411745,11468949.964393,    0.000000,    0.000000,    0.000000,    0.000000,-22545.103539,    0.000000,    0.000000,    0.000000,   24.670090,39068843.236619,    0.320128,   -0.000006,  500.000000,    0.000000,    0.384400,    2.910236,    1.163022,    1.163022,   96.118359,  -16.383455,   -0.001091,  -67.129573,   26.276061,    0.000000,    0.528272,   11.678489,    2.734948,    5.278817,    0.430782,    0.001300,    0.001300,    0.000000
2015-02-28 24:00:00,481635733.255131, -121.376211,11735527.450778,    0.000000,    0.000000,    0.000000,    0.000000,-12061.468672,    0.000000,    0.000000,    0.000000,   24.662870,39057408.881871,    0.327665,   -0.000006,  500.000000,    0.000000,    0.384995,    2.961572,    1.574412,    1.574412,  103.698248,   -8.767597,   -0.000790, -104.243169,   23.245842,    0.000000,    0.528272,   11.678489,    2.734948,    5.868719,    0.430782,    0.001300,    0.001300,    0.000000
2015-03-01 24:00:00,481750528.699409, -121.390683,11604392.088220,    0.000000,    0.000000,    0.000000,    0.000000,-17668.787588,    0.000000,    0.000000,    0.000000,   24.665811,39062065.889940,    0.323965,   -0.000006,  500.000000,    0.000000,    0.386212,    2.995584,    0.950471,    0.950471,   68.450263,   -9.471338,   -0.000842,  -40.044684,   22.693883,    0.000000,    0.528272,   11.678489,    2.734948,    3.972183,    0.430782,    0.001300,    0.001300,    0.000000
2015-03-02 24:00:00,481793971.857051, -121.396160,11552355.023764,    0.000000,    0.000000,    0.000000,    0.000000,-9088.570309,    0.000000,    0.000000,    0.000000,   24.666923,39063828.286845,    0.322498,   -0.000006,  500.000000,    0.000000,    0.385725,    3.048139,    0.766830,    0.766830,  105.661766,   -5.424129,   -0.000185,  -66.687398,   26.863347,    0.000000,    0.528272,   11.678489,    2.734948,    7.899652,    0.430782,    0.001300,    0.001300,    0.000000
2015-03-03 24:00:00,481935503.902882, -121.414003,11392054.549006,    0.000000,    0.000000,    0.000000,    0.000000,-20355.012987,    0.000000,    0.000000,    0.000000,   24.670549,39069569.942218,    0.317976,   -0.000006,  500.000000,    0.000000,    0.384294,    3.076633,    0.457479,    0.457479,   56.886240,   -9.410704,   -0.000334,  -19.977578,   25.551998,    0.000000,    0.528272,   11.678489,    2.734948,    1.736314,    0.430782,    0.001300,    0.001300,    0.000000
2015-03-04 24:00:00,481757503.428116, -121.391563,11543104.736957,    0.000000,    0.000000,    0.000000,    0.000000,-24945.556839,    0.000000,    0.000000,    0.000000,   24.665989,39062348.839913,    0.322251,   -0.000006,  500.000000,    0.000000,    0.384312,    3.130078,    0.928991,    0.928991,  107.150379,  -18.130870,   -0.000365,  -74.460530,   29.802685,    0.000000,    0.528272,   11.678489,    2.734948,    1.753480,    0.430782,    0.001300,    0.001300,    0.000000
2015-03-05 24:00:00,481599620.141152, -121.371658,11680752.486357,    0.000000,    0.000000,    0.000000,    0.000000,-18410.555069,    0.000000,    0.000000,    0.000000,   24.661945,39055943.849314,    0.326148,   -0.000006,  500.000000,    0.000000,    0.385664,    3.191719,    1.217861,    1.217861,  124.166575,  -13.383310,   -0.000923,  -93.318489,   36.700913,    0.000000,    0.528272,   11.678489,    2.734948,    5.073797,    0.430782,    0.001300,    0.001300,    0.000000
2015-03-06 24:00:00,481427460.748841, -121.349954,11830242.712739,    0.000000,    0.000000,    0.000000,    0.000000,-20624.778802,    0.000000,    0.000000,    0.000000,   24.657535,39048959.707355,    0.330381,   -0.000006,  500.000000,    0.000000,    0.386883,    3.242948,    1.321460,    1.321460,  103.872971,  -14.995593,   -0.000704,  -87.101169,   31.863319,    0.000000,    0.528272,   11.678489,    2.734948,    2.506599,    0.430782,    0.001300,    0.001300,    0.000000
2015-03-07 24:00:00,481678839.849996, -121.381645,11572270.336136,    0.000000,    0.000000,    0.000000,    0.000000,-9551.457514,    0.000000,    0.000000,    0.000000,   24.663974,39059157.625137,    0.323092,   -0.000006,  500.000000,    0.000000,    0.385896,    3.301291,    0.678635,    0.678635,  117.481612,   -2.567936,    0.000003,  -58.790631,   35.932434,    0.000000,    0.528272,   11.678489,    2.734948,    3.272467,    0.430782,    0.001300,    0.001300,    0.000000
2015-03-08 24:00:00,481785577.988768, -121.395102,11459454.367175,    0.000000,    0.000000,    0.000000,    0.000000,-7292.789086,    0.000000,    0.000000,    0.000000,   24.666708,39063487.765385,    0.319907,   -0.000006,  500.000000,    0.000000,    0.384956,    3.343436,    0.577237,    0.577237,   84.489111,   -0.497110,    0.000276,  -51.077932,   29.937385,    0.000000,    0.528272,   11.678489,    2.734948,    5.736566,    0.430782,    0.001300,    0.001300,    0.000000
2015-03-09 24:00:00,481921469.694712, -121.412234,11319992.898296,    0.000000,    0.000000,    0.000000,    0.000000,-5082.438735,    0.000000,    0.000000,    0.000000,   24.670189,39069000.604113,    0.315969,   -0.000006,  500.000000,    0.000000,    0.383648,    3.405973,    0.476276,    0.476276,  124.883300,   -0.401431,    0.000721,  -69.790348,   38.245782,    0.000000,    0.528272,   11.678489,    2.734948,    4.840685,    0.430782,    0.001300,    0.001300,    0.000000
2015-03-10 24:00:00,482172042.154061, -121.443824,11067329.168598,    0.000000,    0.000000,    0.000000,    0.000000,-4782.820899,    0.000000,    0.000000,    0.000000,   24.676608,39079165.798146,    0.308836,   -0.000006,  500.000000,    0.000000,    0.381385,    3.468646,    0.275690,    0.275690,  124.238130,   -0.000002,    0.000810,  -55.271289,   39.261338,    0.000000,    0.528272,   11.678489,    2.734948,    3.499746,    0.430782,    0.001300,    0.001300,    0.000000
2015-03-11 24:00:00,482360571.819199, -121.467592,10877325.619162,    0.000000,    0.000000,    0.000000,    0.000000,-3411.950223,    0.000000,    0.000000,    0.000000,   24.681438,39086814.047406,    0.303475,   -0.000006,  500.000000,    0.000000,    0.379606,    3.533759,    0.238418,    0.238418,  128.187161,   -0.071586,    0.001155,  -61.348130,   41.096367,    0.000000,    0.528272,   11.678489,    2.734948,    8.897627,    0.430782,    0.001300,    0.001300,    0.000000
2015-03-12 24:00:00,482545050.191745, -121.490849,10687870.517795,    0.000000,    0.000000,    0.000000,    0.000000,-6799.350618,    0.000000,    0.000000,    0.000000,   24.686164,39094297.944306,    0.298132,   -0.000006,  500.000000,    0.000000,    0.377849,    3.599196,    0.244936,    0.244936,  128.068575,   -0.336157,    0.001132,  -60.991332,   42.314115,    0.000000,    0.528272,   11.678489,    2.734948,    2.463432,    0.430782,    0.001300,    0.001300,    0.000000
2015-03-13 24:00:00,482921401.699347, -121.538296,10314196.226570,    0.000000,    0.000000,    0.000000,    0.000000, -827.048608,    0.000000,    0.000000,    0.000000,   24.695804,39109565.727960,    0.287596,   -0.000006,  500.000000,    0.000000,    0.374372,    3.665073,    0.128282,    0.128282,  127.681374,    0.000000,    0.001435,  -40.472017,   42.929691,    0.000000,    0.528272,   11.678489,    2.734948,    3.721304,    0.430782,    0.001300,    0.001300,    0.000000
2015-03-14 24:00:00,483243532.597117, -121.578826,9991175.607125,    0.000000,    0.000000,    0.000000,    0.000000,-4291.437668,    0.000000,    0.000000,    0.000000,   24.704040,39122607.941131,    0.278496,   -0.000006,  500.000000,    0.000000,    0.371086,    3.734463,    0.010906,    0.010906,  132.782677,    0.000000,    0.001631,  -45.045075,   46.009184,    0.000000,    0.528272,   11.678489,    2.734948,    3.565669,    0.430782,    0.001300,    0.001300,    0.000000
2015-03-15 24:00:00,483554182.805730, -121.617831,9677245.901471,    0.000000,    0.000000,    0.000000,    0.000000,-6984.901416,    0.000000,    0.000000,    0.000000,   24.711966,39135159.443258,    0.269659,   -0.000006,  500.000000,    0.000000,    0.368048,    3.793058,    0.123951,    0.123951,  111.173895,    0.000000,    0.001752,  -34.537650,   23.840103,    0.000000,    0.528272,   11.678489,    2.734948,    1.095105,    0.430782,    0.001300,    0.001300,    0.000000
2015-03-16 24:00:00,484123370.937148, -121.689299,9108825.559826,    0.000000,    0.000000,    0.000000,    0.000000,-5512.570756,    0.000000,    0.000000,    0.000000,   24.726487,39158156.904210,    0.253671,   -0.000006,  500.000000,    0.000000,    0.362110,    3.853031,   -0.076989,   -0.076989,  111.710428,    0.000000,    0.001928,   -5.858944,   46.239867,    0.000000,    0.528272,   11.678489,    2.734948,    3.932370,    0.430782,    0.001300,    0.001300,    0.000000
2015-03-17 24:00:00,484217828.347213, -121.701159,8998915.352387,    0.000000,    0.000000,    0.000000,    0.000000,-16425.612263,    0.000000,    0.000000,    0.000000,   24.728897,39161973.358700,    0.250586,   -0.000006,  500.000000,    0.000000,    0.360528,    3.930550,    0.139486,    0.139486,  142.806108,  -11.908054,    0.001442,  -55.995422,   54.038090,    0.000000,    0.528272,   11.678489,    2.734948,    3.481379,    0.430782,    0.001300,    0.001300,    0.000000
2015-03-18 24:00:00,484374348.700299, -121.720812,8830667.512279,    0.000000,    0.000000,    0.000000,    0.000000,-13293.444381,    0.000000,    0.000000,    0.000000,   24.732891,39168297.402561,    0.245861,   -0.000006,  500.000000,    0.000000,    0.358830,    3.991662,    0.323822,    0.323822,  112.349745,   -3.814837,    0.001015,  -47.434526,   34.262551,    0.000000,    0.528272,   11.678489,    2.734948,   50.183493,    0.430782,    0.001300,    0.001300,    0.000000
2015-03-19 24:00:00,484765770.582144, -121.769959,8422985.724961,    0.000000,    0.000000,    0.000000,    0.000000,-19967.672511,    0.000000,    0.000000,    0.000000,   24.742877,39184112.401060,    0.234416,   -0.000006,  500.000000,    0.000000,    0.354184,    4.044152,    0.053786,    0.053786,   95.072937,   -4.169761,    0.000724,  -10.747572,   43.667028,    0.000000,    0.528272,   11.678489,    2.734948,    6.512871,    0.430782,    0.001300,    0.001300,    0.000000
2015-03-20 24:00:00,485300883.084401, -121.837149,7883219.309546,    0.000000,    0.000000,    0.000000,    0.000000,-9214.749445,    0.000000,    0.000000,    0.000000,   24.756530,39205733.071268,    0.219273,   -0.000006,  500.000000,    0.000000,    0.347751,    4.109681,   -0.223632,   -0.223632,  116.590859,   -1.528017,    0.001066,   -4.483663,   45.451072,    0.000000,    0.528272,   11.678489,    2.734948,    4.716173,    0.430782,    0.001300,    0.001300,    0.000000
2015-03-21 24:00:00,485498348.494469, -121.861943,7675089.531075,    0.000000,    0.000000,    0.000000,    0.000000,-12192.327282,    0.000000,    0.000000,    0.000000,   24.761568,39213711.458038,    0.213440,   -0.000006,  500.000000,    0.000000,    0.344912,    4.291806,   -0.027161,   -0.027161,  148.940285,   -4.586635,    0.001333,  -49.479596,   62.152732,    0.000000,    0.528272,   11.678489,    2.734948,    5.566406,    0.380185,    0.001300,    0.001300,    0.000000
2015-03-22 24:00:00,485481755.848184, -121.859859,7672248.511476,    0.000000,    0.000000,    0.000000,    0.000000,-19303.783114,    0.000000,    0.000000,    0.000000,   24.761144,39213041.049233,    0.213365,   -0.000006,  500.000000,    0.000000,    0.344968,    4.443061,    0.266297,    0.266297,   56.536958,   -8.964415,    0.000435,  -25.220551,   30.085533,    0.000000,    0.528272,   11.678489,    2.734948,    3.977859,    0.380185,    0.001300,    0.001300,    0.000000
2015-03-23 24:00:00,485646754.113269, -583.695127,7489676.001385,    0.000000,    0.000000,    0.000000,    0.000000,-19812.253753,    0.000000,    0.000000,  441.005545,   24.765354,39219707.634408,    0.208252,   -0.000030,  500.000000,    0.000000,    0.342562,    4.676656,    0.170964,    0.170964,   86.431143,  -11.613836,   -0.000176,  -18.825945,   61.459455,    0.000000,    0.528272,   11.678489,    2.734948,    4.915001,    0.380185,    0.001300,    0.001300,    0.000000
2015-03-24 24:00:00,485650830.076536, -583.697578,7475124.135562,    0.000000,    0.000000,    0.000000,    0.000000,-10497.269817,    0.000000,    0.000000,    0.000000,   24.765458,39219872.319511,    0.207847,   -0.000030,  500.000000,    0.000000,    0.342491,    5.065898,    0.568880,    0.568880,  144.832567,   -4.635183,   -0.000018,  -76.640793,   59.370454,    0.000000,    0.528272,   11.678489,    2.734948,    2.436801,    0.380185,    0.001300,    0.001300,    0.000000
2015-03-25 24:00:00,486198388.024380, -584.026835,7019408.334605,    0.000000,    0.000000,    0.000000,    0.000000,-8388.578585,96575.013600,    0.000000,    0.000000,   24.779428,39241995.835146,    0.195065,   -0.000030,  500.000000,    0.000000,    0.336330,    5.428882,    0.119664,    0.119664,  131.834705,   -1.897782,    0.000306,  -23.331772,   64.019917,    0.000000,    0.528272,   11.678489,    2.734948,    1.441334,    0.380185,    0.001300,    0.001300,    0.000000
2015-03-26 24:00:00,486328018.970860, -584.104785,6874994.279390,    0.000000,    0.000000,    0.000000,    0.000000,-15550.291094,    0.000000,    0.000000,    0.000000,   24.782735,39247233.440193,    0.191027,   -0.000030,  500.000000,    0.000000,    0.334354,    5.755930,    0.411634,    0.411634,  117.998715,   -1.718347,    0.000573,  -49.563015,   49.562380,    0.000000,    0.528272,   11.678489,    2.734948,    2.416971,    0.380185,    0.001300,    0.001300,    0.000000
2015-03-27 24:00:00,486411750.182285, -584.155134,6760330.525187,    0.000000,    0.000000,    0.000000,    0.000000,-31406.033856,    0.000000,    0.000000,    0.000000,   24.784871,39250616.513660,    0.187824,   -0.000030,  500.000000,    0.000000,    0.332551,    6.163137,    0.567857,    0.567857,  145.234130,  -22.716971,    0.000102,  -46.661039,   71.193426,    0.000000,    0.528272,   11.678489,    2.734948,    9.878751,    0.380185,    0.001300,    0.001300,    0.000000
2015-03-28 24:00:00,486358979.873269, -584.123402,6801697.352084,    0.000000,    0.000000,    0.000000,    0.000000,-11099.319532,    0.000000,    0.000000,    0.000000,   24.783525,39248484.383607,    0.188984,   -0.000030,  500.000000,    0.000000,    0.332618,    6.626993,    0.973834,    0.973834,  166.171164,   -8.028923,    0.000498,  -91.457663,   76.602484,    0.000000,    0.528272,   11.678489,    2.734948,   11.008454,    0.380185,    0.001300,    0.001300,    0.000000
2015-03-29 24:00:00,486519596.269180, -584.219984,6622498.205443,    0.000000,    0.000000,    0.000000,    0.000000,-19461.995289,    0.000000,    0.000000,    0.000000,   24.787623,39254973.923865,    0.183975,   -0.000030,  500.000000,    0.000000,    0.330996,    6.909475,    0.939301,    0.939301,  100.817815,   -6.805227,    0.000629,  -43.529545,   31.854942,    0.000000,    0.528272,   11.678489,    2.734948,    2.141091,    0.380185,    0.001300,    0.001300,    0.000000
2015-03-30 24:00:00,486955173.073953, -584.481905,6242920.926718,    0.000000,    0.000000,    0.000000,    0.000000,-2400.831322,56244.526638,    0.000000,    0.000000,   24.798736,39272572.956604,    0.173352,   -0.000030,  500.000000,    0.000000,    0.325336,    7.294856,    0.684213,    0.684213,  135.211203,    0.000000,    0.001252,  -40.144027,   38.955776,    0.000000,    0.528272,   11.678489,    2.734948,   13.989472,    0.380185,    0.001300,    0.001300,    0.000000
2015-03-31 24:00:00,487472099.039305, -584.791612,5729849.528328,    0.000000,    0.000000,    0.000000,    0.000000,  -83.457482,    0.000000,    0.000000,    0.000000,   24.811876,39293382.826989,    0.159021,   -0.000030,  500.000000,    0.000000,    0.316816,    7.786208,    0.326095,    0.326095,  167.242390,    0.000000,    0.001588,  -33.476217,   83.312216,    0.000000,    0.528272,   11.678489,    2.734948,    9.926055,    0.380185,    0.001300,    0.001300,    0.000000
2015-04-01 24:00:00,488270061.745403, -585.269512,4937107.585626,    0.000000,    0.000000,    0.000000,    0.000000,    0.000000,    0.000000,    0.000000,    0.000000,   24.832153,39325493.947169,    0.136908,   -0.000030,  500.000000,    0.000000,    0.302999,    4.793681,    4.191459,    4.793681,  158.667617,    0.000000,    0.001904,  -34.094598,   83.288159,    0.000000,    0.528272,   11.678489,    2.734948,   12.212781,    0.422599,    0.001300,    0.001300,    0.000000
2015-04-02 24:00:00,489405010.383720, -585.949234,3807362.458648,    0.000000,    0.000000,    0.000000,    0.000000,    0.000000,    0.000000,    0.000000,    0.000000,   24.860993,39371165.846175,    0.105457,   -0.000030,  500.000000,    0.000000,    0.276896,    4.552143,    4.191800,    4.552143,  130.177804,    0.000000,    0.002045,   -6.679000,   95.384906,    0.000000,    0.528272,   11.678489,    2.734948,   54.773637,    0.473262,    0.001300,    0.001300,    0.000000
2015-04-03 24:00:00,490250433.091717, -586.455558,2955428.345682,    0.000000,    0.000000,    0.000000,    0.000000,-8672.015996,    0.000000,    0.000000,    0.000000,   24.882475,39405186.822308,    0.081790,   -0.000030,  500.000000,    0.000000,    0.248932,    4.374446,    4.192141,    4.374446,  122.663654,   -2.541346,    0.001162,  -21.767917,   77.624416,    0.000000,    0.528272,   11.678489,    2.734948,   29.294307,    0.522806,    0.001300,    0.001300,    0.000000
2015-04-04 24:00:00,490736083.415737, -586.746414,2453407.808282,    0.000000,    0.000000,    0.000000,    0.000000,-16939.828454,    0.000000,    0.000000,    0.000000,   24.894816,39424730.061360,    0.067863,   -0.000030,  500.000000,    0.000000,    0.224147,    4.384297,    4.192643,    4.384297,  173.040138,  -12.198996,    0.000881,  -57.968016,  111.820728,    0.000000,    0.528272,   11.678489,    2.734948,   56.831763,    0.542664,    0.001300,    0.001300,    0.000000
2015-04-05 24:00:00,493190743.078036,    0.000000,    0.000000,    0.000000,    0.000000,    0.000000,    0.000000,-2709.006883,    0.000000,    0.000000,    0.000000,   24.956961,39523145.949891,    0.000000,    0.000000,  500.000000,    0.000000,    0.079054,    4.454271,    4.193174,    4.454271,  160.354345,   -1.371114,    4.095579,  -23.695799,  156.590363,    0.000000,    0.096799,    2.403862,    1.240824,   80.969521,    0.616058,    0.001300,    0.001300,    0.000000
2015-04-06 24:00:00,493182469.723503,    0.000000,    0.000000,    0.000000,    0.000000,    0.000000,    0.000000,-8275.630307,    0.000000,    0.000000,    0.000000,   24.956751,39522814.353087,    0.000000,    0.000000,  500.000000,    0.000000,    0.078710,    4.563971,    4.563971,    4.563971,  197.267933,   -6.036606,   21.336855,  -60.238124,  116.362634,    0.000000,    0.259485,    6.114457,    1.978948,    0.000000,    0.443835,    0.001300,    0.001300,    0.000000
2015-04-07 24:00:00,493278605.471435,    0.000000,    0.000000,    0.000000,    0.000000,    0.000000,    0.000000,-27278.955038,123442.042637,    0.000000,    0.000000,   24.959185,39526667.482635,    0.000000,    0.000000,  500.000000,    0.000000,    0.078366,    4.687514,    4.687514,    4.687514,   97.407624,  -19.891104,   11.556376,   -7.949168,  108.133419,    0.000000,    0.454916,   10.209823,    2.557199,    0.000000,    0.443827,    0.001300,    0.001300,    0.000000
2015-04-08 24:00:00,494038583.207503,    0.000000,    0.000000,    0.000000,    0.000000,    0.000000,    0.000000,-13198.465071,773699.899719,    0.000000,    0.000000,   24.978419,39557127.459636,    0.000000,    0.000000,  500.000000,    0.000000,    0.078024,    4.963915,    4.665957,    4.963915,  211.443863,   -9.615728,   11.796335,  -37.232969,  187.611134,    0.000000,    0.224895,    5.353604,    1.851734,   85.093358,    0.081643,    0.001300,    0.001300,    0.000000
2015-04-09 24:00:00,495139999.247976,    0.000000,    0.000000,    0.000000,    0.000000,    0.000000,    0.000000,-1698.690933,1103922.483505,    0.000000,    0.000000,   25.006269,39601232.524788,    0.000000,    0.000000,  500.000000,    0.000000,    0.077681,    5.551304,    4.953489,    5.551304,  151.814582,   -1.235863,   26.272369,   -2.131231,  161.560721,    0.000000,    0.120885,    2.976739,    1.380784,   70.513250,    0.145307,    0.001300,    0.001300,    0.000000
2015-04-10 24:00:00,494860268.833389,    0.000000,    0.000000,    0.000000,    0.000000,    0.000000,501565.601285,-21046.711036,243282.104086,    0.000000,    0.000000,   24.999214,39590060.694491,    0.000000,    0.000000,  500.000000,    0.000000,    0.077340,    5.448496,    5.448496,    5.448496,  180.960616,  -15.311992,   25.662408,  -50.975433,  144.610393,    0.000000,    0.354277,    8.140581,    2.283406,    0.000000,    0.443688,    0.001300,    0.001300,    0.000000
2015-04-11 24:00:00,494609899.234662,    0.000000,    0.000000,    0.000000,    0.000000,    0.000000,221835.186698,-28583.879538,    0.000000,    0.000000,    0.000000,   24.992878,39580025.858131,    0.000000,    0.000000,  500.000000,    0.000000,    0.076999,    5.648724,    5.325266,    5.648724,  237.213777,  -20.797834,   14.959382,  -97.440615,  218.449441,    0.000000,    0.182564,    4.403680,    1.679435,  131.489388,    0.102694,    0.001300,    0.001300,    0.000000
2015-04-12 24:00:00,494594232.320019,    0.000000,    0.000000,    0.000000,    0.000000,    0.000000,    0.000000,-16168.676489,  474.952547,    0.000000,    0.000000,   24.992481,39579397.926763,    0.000000,    0.000000,  500.000000,    0.000000,    0.076659,    5.950235,    5.950235,    5.950235,  218.526837,  -11.762515,   62.771814,  -69.307057,  157.706648,    0.000000,    0.429199,    9.688473,    2.491054,    0.000000,    0.443711,    0.001300,    0.001300,    0.000000
2015-04-13 24:00:00,494733425.718932,    0.000000,    0.000000,    0.000000,    0.000000,    0.000000,    0.000000,-21977.773161,161413.405665,    0.000000,    0.000000,   24.996004,39584976.810891,    0.000000,    0.000000,  500.000000,    0.000000,    0.076320,    6.353975,    6.353975,    6.353975,  232.895149,  -15.976140,   78.587875,  -35.178948,  227.258524,    0.000000,    0.302279,    7.039699,    2.123403,    0.000000,    0.443699,    0.001300,    0.001300,    0.000000
2015-04-14 24:00:00,494604765.272143,    0.000000,    0.000000,    0.000000,    0.000000,    0.000000,94992.072241,-33726.662770,    0.000000,    0.000000,    0.000000,   24.992748,39579820.088445,    0.000000,    0.000000,  500.000000,    0.000000,    0.075982,    7.427561,    6.242953,    7.427561,  238.693030,  -24.514105,   17.332888,  -96.094230,  222.426795,    0.000000,    0.109651,    2.710634,    1.317622,   40.398104,    0.592054,    0.001300,    0.001300,    0.000000
2015-04-15 24:00:00,494567094.961299,    0.000000,    0.000000,    0.000000,    0.000000,    0.000000,    0.000000,-37734.165112,    0.000000,    0.000000,    0.000000,   24.991795,39578310.258949,    0.000000,    0.000000,  500.000000,    0.000000,    0.075646,    6.836230,    6.244108,    6.836230,  235.903966,  -27.415127,   41.040197,  -88.392023,  210.575342,    0.000000,    0.254178,    5.998978,    1.960171,   63.410166,    0.319955,    0.001300,    0.001300,    0.000000
2015-04-16 24:00:00,494550518.046671,    0.000000,    0.000000,    0.000000,    0.000000,    0.000000,    0.000000,-16604.553641,    0.000000,    0.000000,    0.000000,   24.991375,39577645.854698,    0.000000,    0.000000,  500.000000,    0.000000,    0.075310,    8.152633,    6.720135,    8.152633,  237.292017,  -12.066226,    9.554693,  -63.080302,  225.110190,    0.000000,    0.035563,    0.917679,    0.766657,  168.195812,    0.564024,    0.001300,    0.001300,    0.000000
2015-04-17 24:00:00,494545666.698734,    0.000000,    0.000000,    0.000000,    0.000000,    0.000000,    0.000000,-4859.381770,    0.000000,    0.000000,    0.000000,   24.991252,39577451.412230,    0.000000,    0.000000,  500.000000,    0.000000,    0.074976,    8.991117,    6.720906,    8.991117,  168.725133,   -3.527488,   21.453463,  -36.490193,  167.417283,    0.000000,    0.062435,    1.573531,    1.003906,   83.682609,    0.563993,    0.001300,    0.001300,    0.000000
2015-04-18 24:00:00,494542226.239540,    0.000000,    0.000000,    0.000000,    0.000000,    0.000000,    0.000000,-3446.142047,    0.000000,    0.000000,    0.000000,   24.991165,39577313.518312,    0.000000,    0.000000,  500.000000,    0.000000,    0.074644,    7.771677,    6.721985,    7.771677,  236.118584,   -2.499115,   50.052098,  -44.371294,  219.057743,    0.000000,    0.298508,    6.958840,    2.111173,   42.984298,    0.359255,    0.001300,    0.001300,    0.000000
2015-04-19 24:00:00,494527524.427715,    0.000000,    0.000000,    0.000000,    0.000000,    0.000000,    0.000000,-14725.965585,    0.000000,    0.000000,    0.000000,   24.990793,39576724.268353,    0.000000,    0.000000,  500.000000,    0.000000,    0.074313,    7.982389,    7.648373,    7.982389,  204.825610,  -10.692055,   55.405132,  -50.418702,  194.191583,    0.000000,    0.275011,    6.452488,    2.032914,   57.082349,    0.089660,    0.001300,    0.001300,    0.000000
2015-04-20 24:00:00,495035992.580647,    0.000000,    0.000000,    0.000000,    0.000000,    0.000000,    0.000000,-32531.791969,541363.995811,    0.000000,    0.000000,   25.003647,39597080.569206,    0.000000,    0.000000,  500.000000,    0.000000,    0.073984,    8.094484,    8.094484,    8.094484,  118.442501,  -23.598526,   11.928322,  -21.541716,  122.960161,    0.000000,    0.415850,    9.415917,    2.455765,    0.000000,    0.443672,    0.001300,    0.001300,    0.000000
2015-04-21 24:00:00,494514172.521108,    0.000000,    0.000000,    0.000000,    0.000000,    0.000000,397558.933956,-124470.774934,    0.000000,    0.000000,    0.000000,   24.990455,39576189.122718,    0.000000,    0.000000,  500.000000,    0.000000,    0.073656,    7.909823,    7.909823,    7.909823,   86.390557,  -90.345965,  -37.911726,  -63.594200,  131.915993,    0.000000,    0.427026,    9.644085,    2.485341,    0.000000,    0.443718,    0.001300,    0.001300,    0.000000
2015-04-22 24:00:00,494397726.596624,    0.000000,    0.000000,    0.000000,    0.000000,    0.000000,    0.000000,-143190.651598,26562.369350,    0.000000,    0.000000,   24.987508,39571521.959440,    0.000000,    0.000000,  500.000000,    0.000000,    0.073331,    7.774836,    7.774836,    7.774836,  163.088357, -103.966687,  -56.353826,  -72.739392,  160.909650,    0.000000,    0.412876,    9.354563,    2.447751,    0.000000,    0.443728,    0.001300,    0.001300,    0.000000
2015-04-23 24:00:00,494295715.506065,    0.000000,    0.000000,    0.000000,    0.000000,    0.000000,    0.000000,-102159.391042,    0.000000,    0.000000,    0.000000,   24.984926,39567433.345623,    0.000000,    0.000000,  500.000000,    0.000000,    0.073007,    7.813139,    7.569311,    7.813139,  262.463039,  -74.189172,  -31.841500, -124.768923,  257.346221,    0.000000,    0.169783,    4.112334,    1.622929,  127.673280,    0.138604,    0.001300,    0.001300,    0.000000
2015-04-24 24:00:00,494533409.987267,    0.000000,    0.000000,    0.000000,    0.000000,    0.000000,    0.000000,-37718.322929,275762.309872,    0.000000,    0.000000,   24.990942,39576960.162116,    0.000000,    0.000000,  500.000000,    0.000000,    0.072686,    7.811466,    7.584462,    7.811466,  122.230122,  -27.383103,   -2.271098,  -92.047319,   89.768675,    0.000000,    0.232851,    5.529982,    1.881990,   62.284907,    0.140762,    0.001300,    0.001300,    0.000000
2015-04-25 24:00:00,494503559.837518,    0.000000,    0.000000,    0.000000,    0.000000,    0.000000,    0.000000,-61149.153290,31250.168869,    0.000000,    0.000000,   24.990187,39575763.765391,    0.000000,    0.000000,  500.000000,    0.000000,    0.072366,    7.788229,    7.788229,    7.788229,   97.157422,  -44.395063,  -15.946256,  -30.255834,  137.604268,    0.000000,    0.288437,    6.742457,    2.078091,    0.000000,    0.443719,    0.001300,    0.001300,    0.000000
2015-04-26 24:00:00,494440086.230515,    0.000000,    0.000000,    0.000000,    0.000000,    0.000000,    0.000000,-63573.882954,    0.000000,    0.000000,    0.000000,   24.988580,39573219.737431,    0.000000,    0.000000,  500.000000,    0.000000,    0.072049,    8.045316,    7.616287,    8.045316,  261.820871,  -46.158666,  -14.691027, -110.184060,  255.901008,    0.000000,    0.173689,    4.201603,    1.640450,   70.834492,    0.092057,    0.001300,    0.001300,    0.000000
2015-04-27 24:00:00,494393640.846181,    0.000000,    0.000000,    0.000000,    0.000000,    0.000000,    0.000000,-46516.153023,    0.000000,    0.000000,    0.000000,   24.987405,39571358.202189,    0.000000,    0.000000,  500.000000,    0.000000,    0.071734,    8.118962,    7.641465,    8.118962,  232.089769,  -33.769255,    1.844933,  -86.670795,  186.239778,    0.000000,    0.234996,    5.577328,    1.890029,   62.996437,    0.140750,    0.001300,    0.001300,    0.000000
2015-04-28 24:00:00,494371926.231971,    0.000000,    0.000000,    0.000000,    0.000000,    0.000000,    0.000000,-21746.938379,    0.000000,    0.000000,    0.000000,   24.986855,39570487.878471,    0.000000,    0.000000,  500.000000,    0.000000,    0.071422,    8.639456,    7.654921,    8.639456,  260.814973,  -15.784332,   14.169932,  -84.453474,  258.482642,    0.000000,    0.111874,    2.763411,    1.330387,  113.069845,    0.089195,    0.001300,    0.001300,    0.000000
2015-04-29 24:00:00,494355309.877056,    0.000000,    0.000000,    0.000000,    0.000000,    0.000000,    0.000000,-16640.766850,    0.000000,    0.000000,    0.000000,   24.986435,39569821.893450,    0.000000,    0.000000,  500.000000,    0.000000,    0.071112,    9.091164,    7.661857,    9.091164,  237.855651,  -12.070433,   16.425538,  -73.375575,  194.984646,    0.000000,    0.188728,    4.543341,    1.705859,   48.575597,    0.091371,    0.001300,    0.001300,    0.000000
2015-04-30 24:00:00,494299417.049255,    0.000000,    0.000000,    0.000000,    0.000000,    0.000000,    0.000000,-55972.935764,    0.000000,    0.000000,    0.000000,   24.985020,39567581.703812,    0.000000,    0.000000,  500.000000,    0.000000,    0.070805,    8.745161,    7.753021,    8.745161,  209.900784,  -40.608866,    2.593261,  -74.161602,  198.373767,    0.000000,    0.183849,    4.432775,    1.684974,  116.283262,    0.172764,    0.001300,    0.001300,    0.000000
2015-05-01 24:00:00,494279659.703791,    0.000000,    0.000000,    0.000000,    0.000000,    0.000000,    0.000000,-19784.887158,    0.000000,    0.000000,    0.000000,   24.984520,39566789.827603,    0.000000,    0.000000,  500.000000,    0.000000,    0.070501,    9.925191,    7.770136,    9.925191,  259.775666,  -14.350895,    8.844954,  -81.235852,  246.466890,    0.000000,    0.074494,    1.866378,    1.093340,   88.030620,    0.111390,    0.001300,    0.001300,    0.000000
2015-05-02 24:00:00,494251785.637705,    0.000000,    0.000000,    0.000000,    0.000000,    0.000000,    0.000000,-27912.254782,    0.000000,    0.000000,    0.000000,   24.983814,39565672.632491,    0.000000,    0.000000,  500.000000,    0.000000,    0.070199,    9.490608,    7.887610,    9.490608,  264.006291,  -20.235568,   48.060303,  -60.058119,  255.990834,    0.000000,    0.285037,    6.669080,    2.066752,   44.128865,    0.124167,    0.001300,    0.001300,    0.000000
2015-05-03 24:00:00,494248467.524776,    0.000000,    0.000000,    0.000000,    0.000000,    0.000000,    0.000000,-9573.943669, 6251.327326,    0.000000,    0.000000,   24.983730,39565539.642222,    0.000000,    0.000000,  500.000000,    0.000000,    0.069901,    9.747734,    8.090931,    9.747734,  229.548691,   -6.940747,   77.598217,  -46.630590,  206.566666,    0.000000,    0.364022,    8.344025,    2.311763,   45.129192,    0.125393,    0.001300,    0.001300,    0.000000
2015-05-04 24:00:00,494687504.957304,    0.000000,    0.000000,    0.000000,    0.000000,    0.000000,    0.000000, -654.667022,440330.258349,    0.000000,    0.000000,   24.994842,39583136.302575,    0.000000,    0.000000,  500.000000,    0.000000,    0.069605,   10.433292,    8.178581,   10.433292,  264.054688,   -0.473960,   64.715201,  -32.725266,  261.188823,    0.000000,    0.172304,    4.170028,    1.634274,   78.146234,    0.169667,    0.001300,    0.001300,    0.000000
2015-05-05 24:00:00,495081478.001809,    0.000000,    0.000000,    0.000000,    0.000000,    0.000000,49071.310613,-3671.185789,446818.643212,    0.000000,    0.000000,   25.004794,39598896.351340,    0.000000,    0.000000,  500.000000,    0.000000,    0.069313,   10.323069,    8.251588,   10.323069,   72.158637,   -2.656550,   13.042727,  -14.297980,   78.784554,    0.000000,    0.248916,    5.883869,    1.941274,   86.577113,    0.509296,    0.001300,    0.001300,    0.000000
2015-05-06 24:00:00,494750600.407046,    0.000000,    0.000000,    0.000000,    0.000000,    0.000000,443044.355118,-7789.966468,120157.687279,    0.000000,    0.000000,   24.996439,39585665.173957,    0.000000,    0.000000,  500.000000,    0.000000,    0.069023,   10.717053,    8.314034,   10.717053,  224.265937,   -5.639485,   32.448938,  -21.833571,  239.743299,    0.000000,    0.270967,    6.364867,    2.019064,   57.554043,    0.254549,    0.001300,    0.001300,    0.000000
2015-05-07 24:00:00,494653716.936565,    0.000000,    0.000000,    0.000000,    0.000000,    0.000000,112166.760356,    0.000000,15310.086858,    0.000000,    0.000000,   24.993987,39581782.075621,    0.000000,    0.000000,  500.000000,    0.000000,    0.068737,   11.215242,    8.551014,   11.215242,  264.882237,    0.000000,  101.654503,  -25.691579,  265.340114,    0.000000,    0.400551,    9.101450,    2.414408,   38.262014,    0.127274,    0.001300,    0.001300,    0.000000
2015-05-08 24:00:00,494638433.646691,    0.000000,    0.000000,    0.000000,    0.000000,    0.000000,15283.289874,    0.000000,    0.000000,    0.000000,    0.000000,   24.993600,39581169.519968,    0.000000,    0.000000,  500.000000,    0.000000,    0.068454,   12.196136,    8.686108,   12.196136,  236.386819,    0.000000,   60.602503,  -20.041104,  198.665190,    0.000000,    0.111533,    2.755353,    1.328447,   97.179249,    0.509030,    0.001300,    0.001300,    0.000000
2015-05-09 24:00:00,494637189.313106,    0.000000,    0.000000,    0.000000,    0.000000,    0.000000,    0.000000,-1246.507384,    0.000000,    0.000000,    0.000000,   24.993569,39581119.646965,    0.000000,    0.000000,  500.000000,    0.000000,    0.068175,   12.817444,    8.730395,   12.817444,  269.663745,   -0.901043,   23.508786,  -47.777886,  268.536190,    0.000000,    0.095650,    2.376417,    1.233720,  121.067246,    0.509030,    0.001300,    0.001300,    0.000000
2015-05-10 24:00:00,494639678.531599,    0.000000,    0.000000,    0.000000,    0.000000,    0.000000,    0.000000,-13592.184207,16085.636455,    0.000000,    0.000000,   24.993632,39581219.415069,    0.000000,    0.000000,  500.000000,    0.000000,    0.067899,   12.374675,    8.885048,   12.374675,  150.722610,   -9.821462,   15.754765,  -29.054652,  208.878269,    0.000000,    0.325368,    7.531375,    2.196305,   37.950292,    0.509030,    0.001300,    0.001300,    0.000000
2015-05-11 24:00:00,494890934.977019,    0.000000,    0.000000,    0.000000,    0.000000,    0.000000, 1244.884909,-13805.456590,266763.162798,    0.000000,    0.000000,   24.999990,39591289.796326,    0.000000,    0.000000,  500.000000,    0.000000,    0.067627,   12.734147,    9.186803,   12.734147,  194.599742,   -9.969239,   39.493459,  -27.570369,  242.080504,    0.000000,    0.429073,    9.686105,    2.490749,   22.952513,    0.509030,    0.001300,    0.001300,    0.000000
2015-05-12 24:00:00,494494265.106496,    0.000000,    0.000000,    0.000000,    0.000000,    0.000000,252501.330328,-145162.362726,  751.981113,    0.000000,    0.000000,   24.989951,39575391.231724,    0.000000,    0.000000,  500.000000,    0.000000,    0.067358,   12.599656,    9.641318,   12.599656,  169.831163, -104.866029,  -28.694410,  -51.239127,  230.452124,    0.000000,    0.399232,    9.074183,    2.410789,   29.889565,    0.075199,    0.001300,    0.001300,    0.000000
2015-05-13 24:00:00,494409785.790259,    0.000000,    0.000000,    0.000000,    0.000000,    0.000000,    0.000000,-84611.122908,    0.000000,    0.000000,    0.000000,   24.987813,39572005.293021,    0.000000,    0.000000,  500.000000,    0.000000,    0.067093,   12.788406,    9.704560,   12.788406,  281.849903,  -61.127168,  -18.952353, -102.149180,  292.359981,    0.000000,    0.255557,    6.029076,    1.965083,   59.586446,    0.509030,    0.001300,    0.001300,    0.000000
2015-05-14 24:00:00,494357644.796186,    0.000000,    0.000000,    0.000000,    0.000000,    0.000000,    0.000000,-69724.325732,17505.501727,    0.000000,    0.000000,   24.986494,39569915.477221,    0.000000,    0.000000,  500.000000,    0.000000,    0.066832,   12.707056,    9.792997,   12.707056,  169.850456,  -50.373561,   -4.836143,  -75.460457,   86.356303,    0.000000,    0.365736,    8.379834,    2.316718,   40.042586,    0.093307,    0.001300,    0.001300,    0.000000
2015-05-15 24:00:00,494582304.356347,    0.000000,    0.000000,    0.000000,    0.000000,    0.000000,    0.000000,-2934.851285,227942.806217,    0.000000,    0.000000,   24.992179,39578919.852890,    0.000000,    0.000000,  500.000000,    0.000000,    0.066575,   13.560567,    9.848445,   13.560567,  273.519747,   -2.119662,   24.568250,  -27.240655,  288.659876,    0.000000,    0.093246,    2.318754,    1.218661,  137.866727,    0.508996,    0.001300,    0.001300,    0.000000
2015-05-16 24:00:00,494585018.067898,    0.000000,    0.000000,    0.000000,    0.000000,    0.000000,    0.000000,-1255.424219, 3973.721445,    0.000000,    0.000000,   24.992248,39579028.618697,    0.000000,    0.000000,  500.000000,    0.000000,    0.066322,   13.996686,    9.879118,   13.996686,  169.933366,   -0.905961,   36.275526,  -22.115970,  177.432506,    0.000000,    0.226870,    5.397588,    1.859325,   37.335882,    0.508996,    0.001300,    0.001300,    0.000000
2015-05-17 24:00:00,495069182.687855,    0.000000,    0.000000,    0.000000,    0.000000,    0.000000,    0.000000,    0.000000,484333.209563,    0.000000,    0.000000,   25.004484,39598405.521293,    0.000000,    0.000000,  500.000000,    0.000000,    0.066072,   13.911882,   10.078128,   13.911882,  193.457035,    0.000000,   84.570095,   -2.378261,  238.507345,    0.000000,    0.484847,   10.813788,    2.631749,   22.093897,    0.508996,    0.001300,    0.001300,    0.000000
2015-05-18 24:00:00,494580139.628552,    0.000000,    0.000000,    0.000000,    0.000000,    0.000000,430749.041164,-58394.298681,    0.000000,    0.000000,    0.000000,   24.992125,39578833.090403,    0.000000,    0.000000,  500.000000,    0.000000,    0.065827,   14.319104,   10.284321,   14.319104,  264.849970,  -42.110086,   36.598699,  -67.425761,  234.982693,    0.000000,    0.375175,    8.576463,    2.343741,   28.740644,    0.508996,    0.001300,    0.001300,    0.000000
2015-05-19 24:00:00,494401423.598759,    0.000000,    0.000000,    0.000000,    0.000000,    0.000000,    0.000000,-179002.247683,    0.000000,    0.000000,    0.000000,   24.987602,39571670.135623,    0.000000,    0.000000,  500.000000,    0.000000,    0.065587,   14.216367,   10.405443,   14.216367,  246.909096, -129.114735,  -69.955095,  -85.474873,  247.182230,    0.000000,    0.219519,    5.234238,    1.830974,   70.370384,    0.508996,    0.001300,    0.001300,    0.000000
2015-05-20 24:00:00,494350371.051189,    0.000000,    0.000000,    0.000000,    0.000000,    0.000000,    0.000000,-51128.239545,    0.000000,    0.000000,    0.000000,   24.986310,39569623.944858,    0.000000,    0.000000,  500.000000,    0.000000,    0.065350,   14.392209,   10.412897,   14.392209,  158.513750,  -36.878723,  -18.576388,  -81.212511,  109.909218,    0.000000,    0.052050,    1.320479,    0.919647,  474.197503,    0.508996,    0.001300,    0.001300,    0.000000
2015-05-21 24:00:00,494235647.101641,    0.000000,    0.000000,    0.000000,    0.000000,    0.000000,    0.000000,-114884.511153,    0.000000,    0.000000,    0.000000,   24.983406,39565025.798493,    0.000000,    0.000000,  500.000000,    0.000000,    0.065118,   14.277830,   10.475807,   14.277830,  290.589936,  -82.881333,  -14.322678, -116.716817,  308.301672,    0.000000,    0.207725,    4.970899,    1.784321,   87.416327,    0.508996,    0.001300,    0.001300,    0.000000
2015-05-22 24:00:00,494185519.057141,    0.000000,    0.000000,    0.000000,    0.000000,    0.000000,    0.000000,-50193.958827,    0.000000,    0.000000,    0.000000,   24.982137,39563016.661896,    0.000000,    0.000000,  500.000000,    0.000000,    0.064890,   15.104448,   10.487545,   15.104448,  293.686131,  -36.205640,   -5.364815, -104.898451,  311.753473,    0.000000,    0.017982,    0.484419,    0.557014, 1247.366004,    0.508996,    0.001300,    0.001300,    0.000000
2015-05-23 24:00:00,494109273.804944,    0.000000,    0.000000,    0.000000,    0.000000,    0.000000,    0.000000,-76340.649154,    0.000000,    0.000000,    0.000000,   24.980208,39559960.745231,    0.000000,    0.000000,  500.000000,    0.000000,    0.064667,   14.834816,   10.509605,   14.834816,  247.669381,  -55.047312,    4.118776,  -91.427946,  205.788264,    0.000000,    0.134035,    3.285563,    1.450642,  139.062097,    0.508996,    0.001300,    0.001300,    0.000000
2015-05-24 24:00:00,494703472.936015,    0.000000,    0.000000,    0.000000,    0.000000,    0.000000,    0.000000,-27454.552376,622525.610350,    0.000000,    0.000000,   24.995246,39583776.300619,    0.000000,    0.000000,  500.000000,    0.000000,    0.064448,   14.802090,   10.546183,   14.802090,   87.433220,  -19.782644,    6.655519,  -32.453008,  104.069863,    0.000000,    0.312455,    7.256999,    2.155927,   40.239287,    0.137468,    0.001300,    0.001300,    0.000000
2015-05-25 24:00:00,494963019.623241,    0.000000,    0.000000,    0.000000,    0.000000,    0.000000,65039.289325,    0.000000,324909.945336,    0.000000,    0.000000,   25.001808,39594167.482136,    0.000000,    0.000000,  500.000000,    0.000000,    0.064234,   15.302112,   10.624763,   15.302112,  231.470878,    0.000000,   42.480024,  -15.354561,  306.603763,    0.000000,    0.340556,    7.852414,    2.242627,   33.486487,    0.137468,    0.001300,    0.001300,    0.000000
2015-05-26 24:00:00,495207646.388641,    0.000000,    0.000000,    0.000000,    0.000000,    0.000000,324585.976551,  -92.345242,569161.443695,    0.000000,    0.000000,   25.007974,39603933.004771,    0.000000,    0.000000,  500.000000,    0.000000,    0.064024,   15.617420,   10.694376,   15.617420,  169.474151,   -0.066466,   46.535699,  -34.083488,  198.212486,    0.000000,    0.346258,    7.972499,    2.259710,   33.423499,    0.137468,    0.001300,    0.001300,    0.000000
2015-05-27 24:00:00,494621428.915599,    0.000000,    0.000000,    0.000000,    0.000000,    0.000000,569212.741950,-23082.223859, 6047.901283,    0.000000,    0.000000,   24.993170,39580487.968795,    0.000000,    0.000000,  500.000000,    0.000000,    0.063820,   16.318176,   10.733418,   16.318176,  254.573377,  -16.616953,   17.785466,  -48.824894,  299.033788,    0.000000,    0.120022,    2.956313,    1.376039,  145.641860,    0.137468,    0.001300,    0.001300,    0.000000
2015-05-28 24:00:00,494584565.242408,    0.000000,    0.000000,    0.000000,    0.000000,    0.000000,    0.000000,-36926.802504,    0.000000,    0.000000,    0.000000,   24.992237,39579010.469410,    0.000000,    0.000000,  500.000000,    0.000000,    0.063620,   16.801265,   10.765502,   16.801265,  290.660415,  -26.564022,   32.730573,  -68.713038,  315.206209,    0.000000,    0.240208,    5.692323,    1.909414,   47.969250,    0.137468,    0.001300,    0.001300,    0.000000
2015-05-29 24:00:00,494778164.227235,    0.000000,    0.000000,    0.000000,    0.000000,    0.000000,    0.000000,-22475.452673,216413.151821,    0.000000,    0.000000,   24.997136,39586769.934385,    0.000000,    0.000000,  500.000000,    0.000000,    0.063425,   17.343942,   10.784449,   17.343942,  195.039974,  -16.157992,   22.379008,  -39.546225,  153.601176,    0.000000,    0.175404,    4.240787,    1.648081,   72.474827,    0.137468,    0.001300,    0.001300,    0.000000
2015-05-30 24:00:00,494997506.451720,    0.000000,    0.000000,    0.000000,    0.000000,    0.000000,139730.580544,-41774.798011,401087.657003,    0.000000,    0.000000,   25.002677,39595544.199453,    0.000000,    0.000000,  500.000000,    0.000000,    0.063234,   16.778191,   10.838256,   16.778191,   96.169508,  -30.016271,   -2.041363,  -27.654991,  137.968710,    0.000000,    0.346426,    7.975930,    2.260196,   32.360704,    0.105717,    0.001300,    0.001300,    0.000000
2015-05-31 24:00:00,494474269.066025,    0.000000,    0.000000,    0.000000,    0.000000,    0.000000,359072.805029,-164438.360699,    0.000000,    0.000000,    0.000000,   24.989445,39574589.788597,    0.000000,    0.000000,  500.000000,    0.000000,    0.063049,   16.738365,   10.891251,   16.738365,  299.706689, -118.273130,  -56.685548, -135.792106,  324.956094,    0.000000,    0.283129,    6.628008,    2.060378,   44.769423,    0.137468,    0.001300,    0.001300,    0.000000
2015-06-01 24:00:00,494349409.730977,    0.000000,    0.000000,    0.000000,    0.000000,    0.000000,    0.000000,-125049.159458,    0.000000,    0.000000,    0.000000,   24.986285,39569585.415056,    0.000000,    0.000000,  500.000000,    0.000000,    0.062869,   16.943565,   10.908165,   16.943565,  309.297104,  -89.953872,  -43.313222, -142.655974,  330.449266,    0.000000,    0.156472,    3.806653,    1.561446,  105.115349,    0.137468,    0.001300,    0.001300,    0.000000
2015-06-02 24:00:00,494264812.876170,    0.000000,    0.000000,    0.000000,    0.000000,    0.000000,    0.000000,-84716.418739,    0.000000,    0.000000,    0.000000,   24.984144,39566194.765397,    0.000000,    0.000000,  500.000000,    0.000000,    0.062694,   17.149889,   10.917546,   17.149889,  304.094825,  -60.932104,  -19.014041, -122.236022,  318.069216,    0.000000,    0.156220,    3.800828,    1.560251,  103.580001,    0.137468,    0.001300,    0.001300,    0.000000
2015-06-03 24:00:00,494198137.262396,    0.000000,    0.000000,    0.000000,    0.000000,    0.000000,    0.000000,-66764.712037,    0.000000,    0.000000,    0.000000,   24.982457,39563522.400714,    0.000000,    0.000000,  500.000000,    0.000000,    0.062524,   17.204727,   10.945636,   17.204727,  256.480455,  -48.019568,    2.782776,  -74.955220,  241.323234,    0.000000,    0.271632,    6.379101,    2.021321,   46.544673,    0.137468,    0.001300,    0.001300,    0.000000
2015-06-04 24:00:00,494178349.130391,    0.000000,    0.000000,    0.000000,    0.000000,    0.000000,    0.000000,-19813.690184,    0.000000,    0.000000,    0.000000,   24.981956,39562729.290578,    0.000000,    0.000000,  500.000000,    0.000000,    0.062359,   18.394762,   10.965070,   18.394762,  287.745055,  -14.246206,   24.530144,  -33.465204,  311.143026,    0.000000,    0.135551,    3.321016,    1.458448,  103.763175,    0.137468,    0.001300,    0.001300,    0.000000
2015-06-05 24:00:00,494145597.979299,    0.000000,    0.000000,    0.000000,    0.000000,    0.000000,    0.000000,-32792.583861,    0.000000,    0.000000,    0.000000,   24.981127,39561416.621454,    0.000000,    0.000000,  500.000000,    0.000000,    0.062199,   18.621012,   10.989497,   18.621012,  295.271707,  -23.546655,   16.772837,  -62.274979,  321.946929,    0.000000,    0.346661,    7.980427,    2.260833,   25.023312,    0.137468,    0.001300,    0.001300,    0.000000
2015-06-06 24:00:00,494053477.716390,    0.000000,    0.000000,    0.000000,    0.000000,    0.000000,    0.000000,-92231.062956,    0.000000,    0.000000,    0.000000,   24.978796,39557724.432911,    0.000000,    0.000000,  500.000000,    0.000000,    0.062045,   18.622906,   11.007285,   18.622906,  291.361664,  -66.240333,  -11.768257, -100.065276,  296.181760,    0.000000,    0.242405,    5.740539,    1.917484,   49.624775,    0.137468,    0.001300,    0.001300,    0.000000
2015-06-07 24:00:00,494068047.268043,    0.000000,    0.000000,    0.000000,    0.000000,    0.000000,    0.000000,-57992.805022,72578.511052,    0.000000,    0.000000,   24.979164,39558308.381871,    0.000000,    0.000000,  500.000000,    0.000000,    0.061896,   19.120467,   11.043753,   19.120467,  235.268959,  -41.641982,   14.485473,  -46.218333,  220.037890,    0.000000,    0.188839,    4.545774,    1.706316,   69.581435,    0.079148,    0.001300,    0.001300,    0.000000
2015-06-08 24:00:00,494017035.896431,    0.000000,    0.000000,    0.000000,    0.000000,    0.000000,    0.000000,-59962.507072, 8892.691217,    0.000000,    0.000000,   24.977873,39556263.841442,    0.000000,    0.000000,  500.000000,    0.000000,    0.061753,   19.476053,   11.065338,   19.476053,  258.906994,  -43.021215,   26.292513,  -52.545079,  211.256744,    0.000000,    0.277542,    6.507089,    2.041497,   37.558159,    0.079148,    0.001300,    0.001300,    0.000000
2015-06-09 24:00:00,494087223.104463,    0.000000,    0.000000,    0.000000,    0.000000,    0.000000,    0.000000,-72428.793860,142690.579154,    0.000000,    0.000000,   24.979650,39559076.951144,    0.000000,    0.000000,  500.000000,    0.000000,    0.061614,   20.102983,   11.081257,   20.102983,  297.392135,  -51.944303,   19.807261,  -70.869595,  325.153467,    0.000000,    0.229045,    5.445629,    1.867581,   48.188905,    0.079148,    0.001300,    0.001300,    0.000000
2015-06-10 24:00:00,494022276.494034,    0.000000,    0.000000,    0.000000,    0.000000,    0.000000,    0.000000,-65021.747551,    0.000000,    0.000000,    0.000000,   24.978006,39556473.885072,    0.000000,    0.000000,  500.000000,    0.000000,    0.061482,   20.816745,   11.104670,   20.816745,  302.774790,  -46.600738,   27.711836,  -65.582461,  332.213961,    0.000000,    0.161811,    3.929517,    1.586445,   78.937360,    0.137468,    0.001300,    0.001300,    0.000000
2015-06-11 24:00:00,494475151.995000,    0.000000,    0.000000,    0.000000,    0.000000,    0.000000,    0.000000,-116775.585281,570234.874371,    0.000000,    0.000000,   24.989468,39574625.176471,    0.000000,    0.000000,  500.000000,    0.000000,    0.061354,   20.317363,   11.130313,   20.317363,  150.123853,  -83.625370,  -14.756705,  -71.883148,  150.354159,    0.000000,    0.359901,    8.258071,    2.299825,   23.758963,    0.109609,    0.001300,    0.001300,    0.000000
2015-06-12 24:00:00,495705126.339972,    0.000000,    0.000000,    0.000000,    0.000000,    0.000000,    0.000000,-149144.067520,1378377.438515,    0.000000,    0.000000,   25.020514,39623792.449495,    0.000000,    0.000000,  500.000000,    0.000000,    0.061232,   19.934751,   11.165737,   19.934751,  133.316987, -106.731037,  -43.225788,  -44.687808,  168.494693,    0.000000,    0.210044,    5.023168,    1.793677,   62.652119,    0.079148,    0.001300,    0.001300,    0.000000
2015-06-13 24:00:00,494625752.746807,    0.000000,    0.000000,    0.000000,    0.000000,    0.000000,1066692.693282,-48578.315609,35875.030760,    0.000000,    0.000000,   24.993279,39580661.268344,    0.000000,    0.000000,  500.000000,    0.000000,    0.061116,   20.373880,   11.171337,   20.373880,  194.616478,  -34.806499,   -7.593393,  -46.141478,  233.801770,    0.000000,    0.135417,    3.317918,    1.457768,  116.427631,    0.079148,    0.001300,    0.001300,    0.000000
2015-06-14 24:00:00,494761747.174924,    0.000000,    0.000000,    0.000000,    0.000000,    0.000000,    0.000000,-4471.369388,140706.773790,    0.000000,    0.000000,   24.996721,39586111.937431,    0.000000,    0.000000,  500.000000,    0.000000,    0.061006,   21.181251,   11.174324,   21.181251,  220.098197,   -3.199911,   11.082612,  -17.233289,  249.964054,    0.000000,    0.171523,    4.152214,    1.630780,   72.803971,    0.079148,    0.001300,    0.001300,    0.000000
2015-06-15 24:00:00,495013485.628680,    0.000000,    0.000000,    0.000000,    0.000000,    0.000000,123313.528233,-12598.482720,387875.913088,    0.000000,    0.000000,   25.003080,39596182.089645,    0.000000,    0.000000,  500.000000,    0.000000,    0.060901,   21.262141,   11.182649,   21.262141,  174.950800,   -9.011319,   15.414920,  -27.733675,  185.736006,    0.000000,    0.222661,    5.304276,    1.843183,   51.743052,    0.079148,    0.001300,    0.001300,    0.000000
2015-06-16 24:00:00,494579181.304297,    0.000000,    0.000000,    0.000000,    0.000000,    0.000000,375051.981990,-60161.627383,  807.439115,    0.000000,    0.000000,   24.992100,39578794.680679,    0.000000,    0.000000,  500.000000,    0.000000,    0.060801,   22.033158,   11.189931,   22.033158,  303.921724,  -43.040553,   -6.103636,  -94.671919,  337.535787,    0.000000,    0.044886,    1.145624,    0.856597,  492.254660,    0.079148,    0.001300,    0.001300,    0.000000
2015-06-17 24:00:00,494494906.425542,    0.000000,    0.000000,    0.000000,    0.000000,    0.000000,    0.000000,-84413.639230,    0.000000,    0.000000,    0.000000,   24.989968,39575416.935850,    0.000000,    0.000000,  500.000000,    0.000000,    0.060708,   21.981928,   11.199642,   21.981928,  285.274755,  -60.365837,   -5.687266,  -86.488407,  330.545408,    0.000000,    0.260821,    6.144056,    1.983732,   38.533853,    0.079148,    0.001300,    0.001300,    0.000000
2015-06-18 24:00:00,494439740.349513,    0.000000,    0.000000,    0.000000,    0.000000,    0.000000,    0.000000,-55252.969549,    0.000000,    0.000000,    0.000000,   24.988571,39573205.874489,    0.000000,    0.000000,  500.000000,    0.000000,    0.060620,   22.445281,   11.218423,   22.445281,  296.744394,  -39.501360,   12.577840,  -64.946169,  313.460838,    0.000000,    0.298624,    6.961288,    2.111544,   30.566868,    0.079148,    0.001300,    0.001300,    0.000000
2015-06-19 24:00:00,494281693.265465,    0.000000,    0.000000,    0.000000,    0.000000,    0.000000,    0.000000,-158279.324246,    0.000000,    0.000000,    0.000000,   24.984571,39566871.332940,    0.000000,    0.000000,  500.000000,    0.000000,    0.060538,   22.414254,   11.233386,   22.414254,  307.996098, -113.139413,  -18.539040, -111.292609,  344.301684,    0.000000,    0.194854,    4.681685,    1.731636,   64.125418,    0.076540,    0.001300,    0.001300,    0.000000
2015-06-20 24:00:00,494296542.651499,    0.000000,    0.000000,    0.000000,    0.000000,    0.000000,    0.000000,-126994.939786,141859.717969,    0.000000,    0.000000,   24.984947,39567466.497687,    0.000000,    0.000000,  500.000000,    0.000000,    0.060461,   22.488332,   11.245741,   22.488332,  247.230477,  -90.774159,  -15.583224, -100.816773,  190.369346,    0.000000,    0.253411,    5.982114,    1.957414,   41.459262,    0.076540,    0.001300,    0.001300,    0.000000
2015-06-21 24:00:00,494238447.798539,    0.000000,    0.000000,    0.000000,    0.000000,    0.000000,    0.000000,-59187.530951, 1012.927142,    0.000000,    0.000000,   24.983477,39565138.050680,    0.000000,    0.000000,  500.000000,    0.000000,    0.060391,   23.325472,   11.252870,   23.325472,  298.628960,  -42.282095,    8.658646,  -69.720417,  325.923246,    0.000000,    0.157067,    3.820344,    1.564252,   82.455604,    0.076540,    0.001300,    0.001300,    0.000000
2015-06-22 24:00:00,494592900.792623,    0.000000,    0.000000,    0.000000,    0.000000,    0.000000,    0.000000,-63606.604912,418552.684885,    0.000000,    0.000000,   24.992448,39579344.559023,    0.000000,    0.000000,  500.000000,    0.000000,    0.060326,   23.093257,   11.283334,   23.093257,  214.796909,  -45.408089,   12.778943,  -64.388990,  322.729220,    0.000000,    0.405565,    9.204590,    2.428050,   18.920740,    0.076540,    0.001300,    0.001300,    0.000000
2015-06-23 24:00:00,494442525.892666,    0.000000,    0.000000,    0.000000,    0.000000,    0.000000,    0.000000,-150651.516642,   31.663476,    0.000000,    0.000000,   24.988642,39573317.519313,    0.000000,    0.000000,  500.000000,    0.000000,    0.060267,   23.335063,   11.307154,   23.335063,  309.131564, -107.568611,   -9.006386,  -99.918232,  343.677331,    0.000000,    0.142840,    3.490975,    1.495302,  104.644549,    0.146536,    0.001300,    0.001300,    0.000000
2015-06-24 24:00:00,494300163.220939,    0.000000,    0.000000,    0.000000,    0.000000,    0.000000,    0.000000,-142573.313910,    0.000000,    0.000000,    0.000000,   24.985039,39567611.610441,    0.000000,    0.000000,  500.000000,    0.000000,    0.060214,   23.472798,   11.317232,   23.472798,  291.295448, -101.799894,  -14.824712, -108.219243,  279.478344,    0.000000,    0.192527,    4.629188,    1.721900,   64.773188,    0.146536,    0.001300,    0.001300,    0.000000
2015-06-25 24:00:00,494394435.901103,    0.000000,    0.000000,    0.000000,    0.000000,    0.000000,    0.000000,-58310.693405,152713.296922,    0.000000,    0.000000,   24.987425,39571390.068063,    0.000000,    0.000000,  500.000000,    0.000000,    0.060166,   24.263154,   11.320086,   24.263154,  240.770476,  -41.613077,   -9.181601,  -65.564394,  286.657690,    0.000000,    0.098410,    2.442529,    1.250764,  164.470502,    0.146536,    0.001300,    0.001300,    0.000000
2015-06-26 24:00:00,494435102.817366,    0.000000,    0.000000,    0.000000,    0.000000,    0.000000,    0.000000,-123561.322036,164286.303804,    0.000000,    0.000000,   24.988454,39573020.001777,    0.000000,    0.000000,  500.000000,    0.000000,    0.060125,   23.795302,   11.330160,   23.795302,  233.118594,  -88.147549,  -13.913929,  -73.003970,  232.013766,    0.000000,    0.220090,    5.246940,    1.833194,   52.664507,    0.146536,    0.001300,    0.001300,    0.000000
2015-06-27 24:00:00,494309059.424984,    0.000000,    0.000000,    0.000000,    0.000000,    0.000000,    0.000000,-128540.839019, 2310.904023,    0.000000,    0.000000,   24.985264,39567968.171111,    0.000000,    0.000000,  500.000000,    0.000000,    0.060090,   24.184056,   11.336185,   24.184056,  302.990186,  -91.716030,  -19.947715, -101.383219,  334.924862,    0.000000,    0.079985,    1.999254,    1.131591,  240.218995,    0.146536,    0.001300,    0.001300,    0.000000
2015-06-28 24:00:00,494640243.835650,    0.000000,    0.000000,    0.000000,    0.000000,    0.000000,    0.000000,-121356.936631,453013.951737,    0.000000,    0.000000,   24.993646,39581242.072507,    0.000000,    0.000000,  500.000000,    0.000000,    0.060060,   23.983844,   11.339801,   23.983844,  205.105334,  -86.544553,  -21.244064, -105.942549,  182.979064,    0.000000,    0.086316,    2.152068,    1.174041,  221.449163,    0.146536,    0.001300,    0.001300,    0.000000
2015-06-29 24:00:00,494652949.477488,    0.000000,    0.000000,    0.000000,    0.000000,    0.000000, 1810.188960,-41854.759236,56395.452610,    0.000000,    0.000000,   24.993967,39581751.315791,    0.000000,    0.000000,  500.000000,    0.000000,    0.060036,   24.380738,   11.340862,   24.380738,  184.593979,  -29.845152,   -5.695952,  -65.529139,  206.481828,    0.000000,    0.040480,    1.037956,    0.815352,  594.963677,    0.146536,    0.001300,    0.001300,    0.000000
2015-06-30 24:00:00,494827550.424030,    0.000000,    0.000000,    0.000000,    0.000000,    0.000000,14515.830797,-92185.503576,281619.887984,    0.000000,    0.000000,   24.998386,39588749.337659,    0.000000,    0.000000,  500.000000,    0.000000,    0.060019,   24.534373,   11.346035,   24.534373,  274.512706,  -65.702767,   -6.529789,  -78.105263,  250.327409,    0.000000,    0.163878,    3.977126,    1.596027,   81.691461,    0.146536,    0.001300,    0.001300,    0.000000
2015-07-01 24:00:00,494513662.998706,    0.000000,    0.000000,    0.000000,    0.000000,    0.000000,189116.777339,-124981.132206,    0.000000,    0.000000,    0.000000,   24.990442,39576168.701013,    0.000000,    0.000000,  500.000000,    0.000000,    0.060007,   24.636123,   11.350408,   24.636123,  279.394403,  -89.085874,  -22.113258, -104.673742,  291.904590,    0.000000,    0.129451,    3.178221,    1.426749,  118.384673,    0.146536,    0.001300,    0.001300,    0.000000
2015-07-02 24:00:00,494353448.614505,    0.000000,    0.000000,    0.000000,    0.000000,    0.000000,    0.000000,-160461.641479,    0.000000,    0.000000,    0.000000,   24.986387,39569747.293877,    0.000000,    0.000000,  500.000000,    0.000000,    0.060001,   24.544239,   11.355418,   24.544239,  308.736419, -114.398934,  -30.052560, -143.102459,  362.155395,    0.000000,    0.139744,    3.418869,    1.479778,  107.003999,    0.146536,    0.001300,    0.001300,    0.000000
2015-07-03 24:00:00,494260989.156141,    0.000000,    0.000000,    0.000000,    0.000000,    0.000000,    0.000000,-92590.193279,    0.000000,    0.000000,    0.000000,   24.984047,39566041.510350,    0.000000,    0.000000,  500.000000,    0.000000,    0.060001,   24.942078,   11.357992,   24.942078,  309.417998,  -66.007938,  -14.853660, -136.537415,  360.951256,    0.000000,    0.081691,    2.040490,    1.143201,  229.498522,    0.146536,    0.001300,    0.001300,    0.000000
2015-07-04 24:00:00,494160076.248496,    0.000000,    0.000000,    0.000000,    0.000000,    0.000000,    0.000000,-101045.683553,    0.000000,    0.000000,    0.000000,   24.981493,39561996.911804,    0.000000,    0.000000,  500.000000,    0.000000,    0.060007,   25.332637,   11.360636,   25.332637,  303.812730,  -72.022620,  -11.248394, -111.605550,  353.083116,    0.000000,    0.120908,    2.977171,    1.380884,  124.372088,    0.146536,    0.001300,    0.001300,    0.000000
2015-07-05 24:00:00,494063609.895151,    0.000000,    0.000000,    0.000000,    0.000000,    0.000000,    0.000000,-131395.978378,34811.743710,    0.000000,    0.000000,   24.979052,39558130.531560,    0.000000,    0.000000,  500.000000,    0.000000,    0.060019,   25.097993,   11.369556,   25.097993,  304.506002,  -93.639343,   -8.892921,  -99.282802,  357.559556,    0.000000,    0.260692,    6.141095,    1.983254,   39.435114,    0.146536,    0.001300,    0.001300,    0.000000
2015-07-06 24:00:00,494497728.749489,    0.000000,    0.000000,    0.000000,    0.000000,    0.000000,    0.000000,-128418.957305,563078.330167,    0.000000,    0.000000,   24.990039,39575530.054851,    0.000000,    0.000000,  500.000000,    0.000000,    0.060036,   25.221811,   11.389727,   25.221811,  230.814714,  -91.474680,   -7.854158,  -70.882374,  327.143090,    0.000000,    0.257830,    6.078773,    1.973165,   40.068044,    0.079148,    0.001300,    0.001300,    0.000000
2015-07-07 24:00:00,494877412.612048,    0.000000,    0.000000,    0.000000,    0.000000,    0.000000,    0.000000,-218724.635551,598988.729165,    0.000000,    0.000000,   24.999648,39590747.818704,    0.000000,    0.000000,  500.000000,    0.000000,    0.060060,   25.089632,   11.404309,   25.089632,  276.623054, -155.733920,  -38.005197,  -94.383120,  267.532309,    0.000000,    0.134143,    3.288167,    1.451217,  115.712826,    0.079148,    0.001300,    0.001300,    0.000000
2015-07-08 24:00:00,494489386.201915,    0.000000,    0.000000,    0.000000,    0.000000,    0.000000,238978.965357,-149297.124235,    0.000000,    0.000000,    0.000000,   24.989828,39575195.684783,    0.000000,    0.000000,  500.000000,    0.000000,    0.060090,   25.180324,   11.408184,   25.180324,  278.336557, -106.339999,  -25.204546,  -99.641394,  317.435949,    0.000000,    0.198508,    4.764059,    1.746803,   61.861937,    0.079148,    0.001300,    0.001300,    0.000000
2015-07-09 24:00:00,494343983.183679,    0.000000,    0.000000,    0.000000,    0.000000,    0.000000,    0.000000,-145624.882475,    0.000000,    0.000000,    0.000000,   24.986148,39569367.918546,    0.000000,    0.000000,  500.000000,    0.000000,    0.060125,   25.302190,   11.412168,   25.302190,  254.357133, -103.744959,  -28.241438,  -90.566159,  279.312032,    0.000000,    0.031661,    0.822093,    0.725631,  839.978354,    0.079148,    0.001300,    0.001300,    0.000000
2015-07-10 24:00:00,494214239.602659,    0.000000,    0.000000,    0.000000,    0.000000,    0.000000,    0.000000,-129923.404597,    0.000000,    0.000000,    0.000000,   24.982864,39564167.783981,    0.000000,    0.000000,  500.000000,    0.000000,    0.060166,   25.405698,   11.416630,   25.405698,  276.489740,  -92.547852,  -13.471113,  -87.011801,  345.792017,    0.000000,    0.192133,    4.620260,    1.720238,   64.882659,    0.079148,    0.001300,    0.001300,    0.000000
2015-07-11 24:00:00,494069406.929671,    0.000000,    0.000000,    0.000000,    0.000000,    0.000000,    0.000000,-145013.249382,    0.000000,    0.000000,    0.000000,   24.979199,39558362.877233,    0.000000,    0.000000,  500.000000,    0.000000,    0.060214,   25.422271,   11.424610,   25.422271,  245.841453, -103.309529,  -13.995672,  -93.757275,  283.683888,    0.000000,    0.252536,    5.962889,    1.954266,   41.632532,    0.079148,    0.001300,    0.001300,    0.000000
2015-07-12 24:00:00,493986550.707530,    0.000000,    0.000000,    0.000000,    0.000000,    0.000000,    0.000000,-82949.867379,    0.000000,    0.000000,    0.000000,   24.977102,39555041.992290,    0.000000,    0.000000,  500.000000,    0.000000,    0.060267,   25.853808,   11.430592,   25.853808,  294.200100,  -59.085933,   -0.052274,  -76.609797,  346.028544,    0.000000,    0.185538,    4.471014,    1.692226,   68.037487,    0.079148,    0.001300,    0.001300,    0.000000
2015-07-13 24:00:00,494851867.191873,    0.000000,    0.000000,    0.000000,    0.000000,    0.000000,    0.000000,-49952.306057,916340.886204,    0.000000,    0.000000,   24.999002,39589723.955933,    0.000000,    0.000000,  500.000000,    0.000000,    0.060326,   26.597933,   11.439641,   26.597933,  274.842655,  -35.530054,   11.413474,  -42.703894,  341.435314,    0.000000,    0.182478,    4.401777,    1.679073,   66.586446,    0.171297,    0.001300,    0.001300,    0.000000
2015-07-14 24:00:00,494493754.765349,    0.000000,    0.000000,    0.000000,    0.000000,    0.000000,213433.545182,-170079.758014,25157.842386,    0.000000,    0.000000,   24.989938,39575370.777204,    0.000000,    0.000000,  500.000000,    0.000000,    0.060391,   26.400326,   11.456531,   26.400326,  260.857126, -120.967407,   -6.902518,  -68.724816,  345.750884,    0.000000,    0.226427,    5.387736,    1.857627,   49.472272,    0.171297,    0.001300,    0.001300,    0.000000
2015-07-15 24:00:00,494352867.785025,    0.000000,    0.000000,    0.000000,    0.000000,    0.000000,    0.000000,-141102.855879,    0.000000,    0.000000,    0.000000,   24.986373,39569724.014178,    0.000000,    0.000000,  500.000000,    0.000000,    0.060461,   26.604581,   11.460559,   26.604581,  296.623297, -100.371256,  -24.320965, -124.193557,  342.083247,    0.000000,    0.083729,    2.089689,    1.156901,  226.222561,    0.171297,    0.001300,    0.001300,    0.000000
2015-07-16 24:00:00,494336993.345149,    0.000000,    0.000000,    0.000000,    0.000000,    0.000000,    0.000000,-217082.308426,201180.259452,    0.000000,    0.000000,   24.985971,39569087.765180,    0.000000,    0.000000,  500.000000,    0.000000,    0.060538,   25.719872,   11.469599,   25.719872,  101.223916, -154.452883,  -50.355708, -103.262424,  127.445586,    0.000000,    0.273522,    6.420144,    2.027813,   37.374747,    0.171297,    0.001300,    0.001300,    0.000000
2015-07-17 24:00:00,494617930.686316,    0.000000,    0.000000,    0.000000,    0.000000,    0.000000,    0.000000,-75156.930316,356522.245859,    0.000000,    0.000000,   24.993081,39580347.759446,    0.000000,    0.000000,  500.000000,    0.000000,    0.060620,   26.588247,   11.474319,   26.588247,  243.146939,  -53.479252,   -9.574435,  -39.236847,  237.867035,    0.000000,    0.090921,    2.262915,    1.203898,  192.608278,    0.171297,    0.001300,    0.001300,    0.000000
2015-07-18 24:00:00,494779642.069908,    0.000000,    0.000000,    0.000000,    0.000000,    0.000000,    0.000000,-68038.222509,230032.994542,    0.000000,    0.000000,   24.997174,39586829.166455,    0.000000,    0.000000,  500.000000,    0.000000,    0.060708,   26.576381,   11.486707,   26.576381,  250.296857,  -48.369391,   13.906772,  -49.241946,  238.067386,    0.000000,    0.196801,    4.725672,    1.739751,   62.604814,    0.171297,    0.001300,    0.001300,    0.000000
2015-07-19 24:00:00,494481213.336289,    0.000000,    0.000000,    0.000000,    0.000000,    0.000000,141208.423218,-157483.195565,    0.000000,    0.000000,    0.000000,   24.989621,39574868.115583,    0.000000,    0.000000,  500.000000,    0.000000,    0.060801,   26.752830,   11.495329,   26.752830,  286.462394, -111.959844,   -1.725185,  -83.284812,  346.838549,    0.000000,    0.155432,    3.782681,    1.556522,   91.343389,    0.171297,    0.001300,    0.001300,    0.000000
2015-07-20 24:00:00,494281920.559477,    0.000000,    0.000000,    0.000000,    0.000000,    0.000000,    0.000000,-199589.993644,    0.000000,    0.000000,    0.000000,   24.984577,39566880.442905,    0.000000,    0.000000,  500.000000,    0.000000,    0.060901,   26.642933,   11.508153,   26.642933,  252.430946, -141.937410,  -13.550801, -100.356166,  271.771591,    0.000000,    0.204575,    4.900302,    1.771605,   59.238979,    0.171297,    0.001300,    0.001300,    0.000000
2015-07-21 24:00:00,494055992.494216,    0.000000,    0.000000,    0.000000,    0.000000,    0.000000,    0.000000,-226216.357021,    0.000000,    0.000000,    0.000000,   24.978859,39557825.225436,    0.000000,    0.000000,  500.000000,    0.000000,    0.061006,   26.547891,   11.515794,   26.547891,  294.923283, -160.929912,  -30.397882, -121.134482,  347.555615,    0.000000,    0.164808,    3.998344,    1.600278,   83.828941,    0.171297,    0.001300,    0.001300,    0.000000
2015-07-22 24:00:00,493910031.575349,    0.000000,    0.000000,    0.000000,    0.000000,    0.000000,    0.000000,-146119.403418,    0.000000,    0.000000,    0.000000,   24.975165,39551975.098491,    0.000000,    0.000000,  500.000000,    0.000000,    0.061116,   26.598309,   11.518769,   26.598309,  263.349100, -103.967090,  -12.995537, -119.058755,  287.604504,    0.000000,    0.096708,    2.401728,    1.240273,  189.262969,    0.171297,    0.001300,    0.001300,    0.000000
2015-07-23 24:00:00,493765910.695036,    0.000000,    0.000000,    0.000000,    0.000000,    0.000000,    0.000000,-144256.198278,    0.000000,    0.000000,    0.000000,   24.971518,39546198.720458,    0.000000,    0.000000,  500.000000,    0.000000,    0.061232,   26.730107,   11.523142,   26.730107,  289.435275, -102.637798,  -13.805808, -101.058862,  333.905535,    0.000000,    0.225024,    5.356392,    1.852216,   50.419188,    0.171297,    0.001300,    0.001300,    0.000000
2015-07-24 24:00:00,493520386.051431,    0.000000,    0.000000,    0.000000,    0.000000,    0.000000,    0.000000,-245707.093005,    0.000000,    0.000000,    0.000000,   24.965304,39536358.070341,    0.000000,    0.000000,  500.000000,    0.000000,    0.061354,   26.399231,   11.537740,   26.399231,  256.896418, -174.891750,  -22.059206, -107.085583,  331.094159,    0.000000,    0.314473,    7.299456,    2.162224,   29.547306,    0.114032,    0.001300,    0.001300,    0.000000
2015-07-25 24:00:00,493384359.269346,    0.000000,    0.000000,    0.000000,    0.000000,    0.000000,    0.000000,-136101.259664,    0.000000,    0.000000,    0.000000,   24.961861,39530906.104504,    0.000000,    0.000000,  500.000000,    0.000000,    0.061482,   26.723753,   11.545048,   26.723753,  290.304976,  -96.882151,    0.219390,  -77.710562,  337.960510,    0.000000,    0.094831,    2.356713,    1.228595,  197.324415,    0.114032,    0.001300,    0.001300,    0.000000
2015-07-26 24:00:00,493286424.188885,    0.000000,    0.000000,    0.000000,    0.000000,    0.000000,    0.000000,-101297.414804, 3320.403625,    0.000000,    0.000000,   24.959382,39526980.857544,    0.000000,    0.000000,  500.000000,    0.000000,    0.061614,   26.979358,   11.547785,   26.979358,  229.575506,  -72.089273,   -0.100131,  -82.255704,  324.130626,    0.000000,    0.202019,    4.842696,    1.761161,   59.854715,    0.114032,    0.001300,    0.001300,    0.000000
2015-07-27 24:00:00,493120476.295248,    0.000000,    0.000000,    0.000000,    0.000000,    0.000000,    0.000000,-165996.963158,    0.000000,    0.000000,    0.000000,   24.955182,39520329.650826,    0.000000,    0.000000,  500.000000,    0.000000,    0.061753,   26.926237,   11.555057,   26.926237,  283.028805, -118.146777,   -2.525635,  -92.462962,  324.046290,    0.000000,    0.261166,    6.151092,    1.984868,   40.367800,    0.192128,    0.001300,    0.001300,    0.000000
2015-07-28 24:00:00,492954325.712074,    0.000000,    0.000000,    0.000000,    0.000000,    0.000000,    0.000000,-167451.959949, 1280.283707,    0.000000,    0.000000,   24.950977,39513670.320293,    0.000000,    0.000000,  500.000000,    0.000000,    0.061896,   26.978282,   11.566617,   26.978282,  242.638380, -119.202612,   -4.145241,  -79.273316,  316.992800,    0.000000,    0.320903,    7.435884,    2.182337,   28.504290,    0.146536,    0.001300,    0.001300,    0.000000
2015-07-29 24:00:00,493794731.174423,    0.000000,    0.000000,    0.000000,    0.000000,    0.000000,    0.000000,-299668.584471,1140195.049203,    0.000000,    0.000000,   24.972247,39547353.847902,    0.000000,    0.000000,  500.000000,    0.000000,    0.062045,   26.826493,   11.591617,   26.826493,  285.374899, -213.124474,    4.840465,  -80.844755,  331.291287,    0.000000,    0.417074,    9.440191,    2.458928,   18.387337,    0.079148,    0.001300,    0.001300,    0.000000
2015-07-30 24:00:00,493401497.962035,    0.000000,    0.000000,    0.000000,    0.000000,    0.000000,    0.000000,-393508.864533,    0.000000,    0.000000,    0.000000,   24.962295,39531593.024871,    0.000000,    0.000000,  500.000000,    0.000000,    0.062199,   26.365594,   11.614966,   26.365594,  287.086744, -280.102130,  -14.633028, -120.876048,  326.397731,    0.000000,    0.385073,    8.781108,    2.371538,   21.378292,    0.079148,    0.001300,    0.001300,    0.000000
2015-07-31 24:00:00,492968922.161444,    0.000000,    0.000000,    0.000000,    0.000000,    0.000000,    0.000000,-434153.136081, 1454.535863,    0.000000,    0.000000,   24.951347,39514255.347315,    0.000000,    0.000000,  500.000000,    0.000000,    0.062359,   25.903141,   11.650753,   25.903141,  286.846347, -309.332115,   -5.014413, -115.241825,  329.067908,    0.000000,    0.466306,   10.439541,    2.585808,   15.441519,    0.079148,    0.001300,    0.001300,    0.000000
2015-08-01 24:00:00,492597613.032694,    0.000000,    0.000000,    0.000000,    0.000000,    0.000000,    0.000000,-371262.397848,    0.000000,    0.000000,    0.000000,   24.941950,39499373.243557,    0.000000,    0.000000,  500.000000,    0.000000,    0.062524,   25.514113,   11.672933,   25.514113,  263.017349, -264.771533,   -1.241910, -113.949100,  293.273474,    0.000000,    0.337657,    7.790150,    2.233718,   27.263477,    0.079148,    0.001300,    0.001300,    0.000000
2015-08-02 24:00:00,492295888.589369,    0.000000,    0.000000,    0.000000,    0.000000,    0.000000,    0.000000,-301582.937539,    0.000000,    0.000000,    0.000000,   24.934313,39487280.100340,    0.000000,    0.000000,  500.000000,    0.000000,    0.062694,   25.380643,   11.723528,   25.380643,  242.413964, -215.211789,   36.600652,  -75.419220,  275.409602,    0.000000,    0.550352,   12.112711,    2.785330,   11.735433,    0.097878,    0.001300,    0.001300,    0.000000
2015-08-03 24:00:00,492025678.558432,    0.000000,    0.000000,    0.000000,    0.000000,    0.000000,    0.000000,-332865.317737,62857.999802,    0.000000,    0.000000,   24.927475,39476450.057646,    0.000000,    0.000000,  500.000000,    0.000000,    0.062869,   25.079673,   11.745911,   25.079673,  263.378403, -237.645524,    2.178918, -105.681822,  293.849614,    0.000000,    0.341017,    7.860667,    2.243805,   27.267779,    0.242915,    0.001300,    0.001300,    0.000000
2015-08-04 24:00:00,491782403.178655,    0.000000,    0.000000,    0.000000,    0.000000,    0.000000,    0.000000,-243027.160109,    0.000000,    0.000000,    0.000000,   24.921318,39466699.558229,    0.000000,    0.000000,  500.000000,    0.000000,    0.063049,   24.971804,   11.752689,   24.971804,  262.042448, -173.600218,   -5.174288, -118.487967,  290.803299,    0.000000,    0.140868,    3.444738,    1.485366,  115.877627,    0.242915,    0.001300,    0.001300,    0.000000
2015-08-05 24:00:00,491605382.512323,    0.000000,    0.000000,    0.000000,    0.000000,    0.000000,    0.000000,-176802.046819,    0.000000,    0.000000,    0.000000,   24.916837,39459604.553771,    0.000000,    0.000000,  500.000000,    0.000000,    0.063234,   25.193865,   11.756331,   25.193865,  243.971394, -126.331925,  -23.567001, -104.433823,  242.325334,    0.000000,    0.121773,    2.997345,    1.385555,  136.734653,    0.242915,    0.001300,    0.001300,    0.000000
2015-08-06 24:00:00,491419328.574849,    0.000000,    0.000000,    0.000000,    0.000000,    0.000000,    0.000000,-185789.828900,    0.000000,    0.000000,    0.000000,   24.912129,39452147.494982,    0.000000,    0.000000,  500.000000,    0.000000,    0.063425,   24.937743,   11.761244,   24.937743,  234.795180, -132.771837,  -12.403063,  -81.034354,  213.494236,    0.000000,    0.189545,    4.561204,    1.709209,   71.559940,    0.145024,    0.001300,    0.001300,    0.000000
2015-08-07 24:00:00,491295288.620913,    0.000000,    0.000000,    0.000000,    0.000000,    0.000000,    0.000000,-212662.970577,88815.911077,    0.000000,    0.000000,   24.908989,39447175.962311,    0.000000,    0.000000,  500.000000,    0.000000,    0.063620,   24.500510,   11.772673,   24.500510,  121.302037, -152.038213,  -23.912953,  -64.433487,  162.461045,    0.000000,    0.204604,    4.900247,    1.771595,   64.937120,    0.145024,    0.001300,    0.001300,    0.000000
2015-08-08 24:00:00,491289713.578173,    0.000000,    0.000000,    0.000000,    0.000000,    0.000000,    0.000000,-96945.300476,91375.529067,    0.000000,    0.000000,   24.908848,39446952.514089,    0.000000,    0.000000,  500.000000,    0.000000,    0.063820,   24.604855,   11.776652,   24.604855,  159.689442,  -69.319086,    0.374751,  -58.326656,  108.392832,    0.000000,    0.110182,    2.722994,    1.320623,  169.820956,    0.145024,    0.001300,    0.001300,    0.000000
2015-08-09 24:00:00,491188542.957417,    0.000000,    0.000000,    0.000000,    0.000000,    0.000000,    0.000000,-100998.778200,    0.000000,    0.000000,    0.000000,   24.906288,39442897.586378,    0.000000,    0.000000,  500.000000,    0.000000,    0.064024,   24.775706,   11.780064,   24.775706,  177.119425,  -72.218528,    0.281005,  -47.640051,  186.452889,    0.000000,    0.160852,    3.907017,    1.581897,   93.360249,    0.145024,    0.001300,    0.001300,    0.000000
2015-08-10 24:00:00,491067044.263280,    0.000000,    0.000000,    0.000000,    0.000000,    0.000000,    0.000000,-122919.407133, 1640.693140,    0.000000,    0.000000,   24.903213,39438027.907632,    0.000000,    0.000000,  500.000000,    0.000000,    0.064234,   24.886047,   11.785680,   24.886047,  192.331478,  -87.886309,    8.902347,  -49.682213,  173.119536,    0.000000,    0.256838,    6.055965,    1.969460,   43.615893,    0.145024,    0.001300,    0.001300,    0.000000
2015-08-11 24:00:00,490849745.520420,    0.000000,    0.000000,    0.000000,    0.000000,    0.000000,    0.000000,-217231.155899,    0.000000,    0.000000,    0.000000,   24.897704,39429303.981263,    0.000000,    0.000000,  500.000000,    0.000000,    0.064448,   24.830839,   11.793989,   24.830839,  247.110961, -155.365851,   -6.892083,  -88.969876,  258.373251,    0.000000,    0.168039,    4.071838,    1.614919,   86.716362,    0.145024,    0.001300,    0.001300,    0.000000
2015-08-12 24:00:00,490699160.089126,    0.000000,    0.000000,    0.000000,    0.000000,    0.000000,    0.000000,-150863.474958,    0.000000,    0.000000,    0.000000,   24.893878,39423244.215757,    0.000000,    0.000000,  500.000000,    0.000000,    0.064667,   25.123990,   11.797350,   25.123990,  246.734781, -107.917165,  -13.501895,  -98.772340,  263.136347,    0.000000,    0.050723,    1.288019,    0.908273,  474.815765,    0.145024,    0.001300,    0.001300,    0.000000
2015-08-13 24:00:00,490444549.053285,    0.000000,    0.000000,    0.000000,    0.000000,    0.000000,    0.000000,-255029.089945,    0.000000,    0.000000,    0.000000,   24.887408,39412998.316408,    0.000000,    0.000000,  500.000000,    0.000000,    0.064890,   24.615274,   11.816197,   24.615274,  213.384400, -182.484531,   19.703797,  -80.270220,  248.589607,    0.000000,    0.327601,    7.576701,    2.202904,   29.539949,    0.093610,    0.001300,    0.001300,    0.000000
2015-08-14 24:00:00,490299708.145786,    0.000000,    0.000000,    0.000000,    0.000000,    0.000000,    0.000000,-145048.707252,    0.000000,    0.000000,    0.000000,   24.883727,39407169.718465,    0.000000,    0.000000,  500.000000,    0.000000,    0.065118,   25.101342,   11.824199,   25.101342,  231.585258, -103.791919,   24.789030,  -44.549747,  245.765540,    0.000000,    0.219943,    5.242571,    1.832431,   54.494592,    0.093610,    0.001300,    0.001300,    0.000000
2015-08-15 24:00:00,490369338.104873,    0.000000,    0.000000,    0.000000,    0.000000,    0.000000,    0.000000,-100622.602572,170341.273155,    0.000000,    0.000000,   24.885497,39409971.724081,    0.000000,    0.000000,  500.000000,    0.000000,    0.065350,   25.566497,   11.827140,   25.566497,  204.742359,  -71.966828,   13.490007,  -43.190279,  192.722002,    0.000000,    0.130092,    3.192797,    1.430017,  119.816742,    0.093610,    0.001300,    0.001300,    0.000000
2015-08-16 24:00:00,490165855.847739,    0.000000,    0.000000,    0.000000,    0.000000,    0.000000,    0.000000,-203752.804310,    0.000000,    0.000000,    0.000000,   24.880326,39401783.317326,    0.000000,    0.000000,  500.000000,    0.000000,    0.065587,   25.266784,   11.841725,   25.266784,  240.530450, -145.738279,   29.545903,  -67.064262,  251.285239,    0.000000,    0.404716,    9.184372,    2.425382,   20.037793,    0.093610,    0.001300,    0.001300,    0.000000
2015-08-17 24:00:00,490755500.395303,    0.000000,    0.000000,    0.000000,    0.000000,    0.000000,    0.000000,-129027.822708,719463.053740,    0.000000,    0.000000,   24.895309,39425511.427406,    0.000000,    0.000000,  500.000000,    0.000000,    0.065827,   25.570818,   11.848671,   25.570818,  170.523904,  -92.239016,    1.036760,  -59.986340,  124.146859,    0.000000,    0.015769,    0.428887,    0.524115, 1951.063490,    0.093610,    0.001300,    0.001300,    0.000000
2015-08-18 24:00:00,490746890.876399,    0.000000,    0.000000,    0.000000,    0.000000,    0.000000,    0.000000,-100072.817868,91444.309163,    0.000000,    0.000000,   24.895090,39425164.968487,    0.000000,    0.000000,  500.000000,    0.000000,    0.066072,   25.242921,   11.855127,   25.242921,  142.478433,  -71.524278,    0.392460,  -45.031714,  136.968877,    0.000000,    0.284615,    6.658627,    2.065132,   37.250439,    0.093610,    0.001300,    0.001300,    0.000000
2015-08-19 24:00:00,491920214.276301,    0.000000,    0.000000,    0.000000,    0.000000,    0.000000,    0.000000,-246423.043850,1418178.285500,    0.000000,    0.000000,   24.924805,39472223.039596,    0.000000,    0.000000,  500.000000,    0.000000,    0.066322,   24.920291,   11.882844,   24.920291,  227.125715, -175.984710,  -29.707326,  -83.795222,  218.998934,    0.000000,    0.395753,    9.000913,    2.401036,   21.885069,    0.092496,    0.001300,    0.001300,    0.000000
2015-08-20 24:00:00,491593007.207004,    0.000000,    0.000000,    0.000000,    0.000000,    0.000000,    0.000000,-351043.138163,24218.082930,    0.000000,    0.000000,   24.916524,39459108.550405,    0.000000,    0.000000,  500.000000,    0.000000,    0.066575,   24.322344,   11.907530,   24.322344,  196.174365, -250.918100,  -66.432561,  -95.786455,  215.287988,    0.000000,    0.262722,    6.184488,    1.990249,   44.369637,    0.489418,    0.001300,    0.001300,    0.000000
2015-08-21 24:00:00,491383503.981821,    0.000000,    0.000000,    0.000000,    0.000000,    0.000000,    0.000000,-214582.842832, 5381.959442,    0.000000,    0.000000,   24.911222,39450711.642025,    0.000000,    0.000000,  500.000000,    0.000000,    0.066832,   24.145035,   11.920944,   24.145035,  227.554357, -153.486959,  -15.402991, -116.240275,  234.732819,    0.000000,    0.351967,    8.090360,    2.276352,   27.082653,    0.489132,    0.001300,    0.001300,    0.000000
2015-08-22 24:00:00,491128501.100785,    0.000000,    0.000000,    0.000000,    0.000000,    0.000000,    0.000000,-254575.067869,    0.000000,    0.000000,    0.000000,   24.904768,39440491.103286,    0.000000,    0.000000,  500.000000,    0.000000,    0.067093,   23.907778,   11.944753,   23.907778,  234.875584, -182.180762,  -15.693092, -109.058011,  234.244542,    0.000000,    0.389872,    8.879040,    2.384726,   22.877612,    0.494495,    0.001300,    0.001300,    0.000000
2015-08-23 24:00:00,490904707.566047,    0.000000,    0.000000,    0.000000,    0.000000,    0.000000,    0.000000,-254661.818190,31155.633020,    0.000000,    0.000000,   24.899101,39431515.729806,    0.000000,    0.000000,  500.000000,    0.000000,    0.067358,   23.628933,   11.968476,   23.628933,  198.056399, -182.332540,  -32.314308,  -85.644928,  163.298165,    0.000000,    0.382598,    8.728390,    2.364408,   23.582008,    0.494189,    0.001300,    0.001300,    0.000000
2015-08-24 24:00:00,490512716.114663,    0.000000,    0.000000,    0.000000,    0.000000,    0.000000,    0.000000,-392690.983824,    0.000000,    0.000000,    0.000000,   24.889140,39415741.453003,    0.000000,    0.000000,  500.000000,    0.000000,    0.067627,   22.846840,   12.003445,   22.846840,  190.043221, -281.445201,  -69.146233, -116.836518,  128.001818,    0.000000,    0.423419,    9.567800,    2.475492,   20.387673,    0.474746,    0.001300,    0.001300,    0.000000
2015-08-25 24:00:00,490248599.712871,    0.000000,    0.000000,    0.000000,    0.000000,    0.000000,    0.000000,-264498.298325,    0.000000,    0.000000,    0.000000,   24.882429,39405113.044614,    0.000000,    0.000000,  500.000000,    0.000000,    0.067899,   22.438565,   12.019002,   22.438565,  151.991532, -189.756525,  -49.765053,  -79.868527,  145.476750,    0.000000,    0.272518,    6.396891,    2.024137,   43.548294,    0.474409,    0.001300,    0.001300,    0.000000
2015-08-26 24:00:00,490119067.555043,    0.000000,    0.000000,    0.000000,    0.000000,    0.000000,    0.000000,-129692.995821,    0.000000,    0.000000,    0.000000,   24.879137,39399900.491877,    0.000000,    0.000000,  500.000000,    0.000000,    0.068175,   22.459669,   12.022847,   22.459669,  204.423049,  -93.082398,  -17.033877,  -71.441926,  222.140612,    0.000000,    0.037555,    0.966311,    0.786709,  821.941290,    0.474251,    0.001300,    0.001300,    0.000000
2015-08-27 24:00:00,489997377.168462,    0.000000,    0.000000,    0.000000,    0.000000,    0.000000,    0.000000,-121825.853874,    0.000000,    0.000000,    0.000000,   24.876045,39395003.502835,    0.000000,    0.000000,  500.000000,    0.000000,    0.068454,   22.594100,   12.026183,   22.594100,  226.410489,  -87.443886,  -14.261094, -107.609450,  215.143305,    0.000000,    0.119666,    2.947484,    1.373982,  157.485664,    0.474143,    0.001300,    0.001300,    0.000000
2015-08-28 24:00:00,490238876.400136,    0.000000,    0.000000,    0.000000,    0.000000,    0.000000,    0.000000,-141222.070604,382983.437408,    0.000000,    0.000000,   24.882182,39404721.765095,    0.000000,    0.000000,  500.000000,    0.000000,    0.068737,   22.192950,   12.031879,   22.192950,  103.936346, -101.349864,  -24.002518,  -86.281915,   79.216026,    0.000000,    0.102555,    2.541321,    1.275808,  207.118265,    0.474396,    0.001300,    0.001300,    0.000000
2015-08-29 24:00:00,491822655.857897,    0.000000,    0.000000,    0.000000,    0.000000,    0.000000,    0.000000,-68409.887733,1651792.513191,    0.000000,    0.000000,   24.922336,39468312.889285,    0.000000,    0.000000,  500.000000,    0.000000,    0.069023,   22.717904,   12.036276,   22.717904,  189.615863,  -49.025947,  -16.104120,  -48.779132,  199.677779,    0.000000,    0.059188,    1.494394,    0.978336,  405.941900,    0.476425,    0.001300,    0.001300,    0.000000
2015-08-30 24:00:00,491800822.821877,    0.000000,    0.000000,    0.000000,    0.000000,    0.000000,    0.000000,-21808.598213,    0.000000,    0.000000,    0.000000,   24.921784,39467437.819210,    0.000000,    0.000000,  500.000000,    0.000000,    0.069313,   23.189122,   12.037451,   23.189122,  218.883488,  -15.621841,   -0.801149,  -87.409765,  202.840538,    0.000000,    0.028668,    0.748567,    0.692422,  967.417623,    0.476425,    0.001300,    0.001300,    0.000000
2015-08-31 24:00:00,491740231.758629,    0.000000,    0.000000,    0.000000,    0.000000,    0.000000,    0.000000,-60520.769489,    0.000000,    0.000000,    0.000000,   24.920250,39465009.323866,    0.000000,    0.000000,  500.000000,    0.000000,    0.069605,   23.048054,   12.040936,   23.048054,  217.863417,  -43.343364,    7.161480,  -82.309103,  197.261391,    0.000000,    0.170429,    4.126658,    1.625753,   87.020093,    0.476425,    0.001300,    0.001300,    0.000000
2015-09-01 24:00:00,491712551.437660,    0.000000,    0.000000,    0.000000,    0.000000,    0.000000,    0.000000,-27646.947499,    0.000000,    0.000000,    0.000000,   24.919550,39463899.894076,    0.000000,    0.000000,  500.000000,    0.000000,    0.069901,   23.307351,   12.047360,   23.307351,  219.645181,  -19.796987,   20.107253,  -50.839846,  217.837608,    0.000000,    0.199280,    4.780777,    1.749866,   69.275797,    0.476425,    0.001300,    0.001300,    0.000000
2015-09-02 24:00:00,491655602.126116,    0.000000,    0.000000,    0.000000,    0.000000,    0.000000,    0.000000,-56878.235595,    0.000000,    0.000000,    0.000000,   24.918108,39461617.360474,    0.000000,    0.000000,  500.000000,    0.000000,    0.070199,   23.496035,   12.056029,   23.496035,  214.945766,  -40.715340,   20.988840,  -56.339147,  206.300432,    0.000000,    0.216249,    5.160678,    1.818063,   61.924753,    0.476425,    0.001300,    0.001300,    0.000000
2015-09-03 24:00:00,491609057.707729,    0.000000,    0.000000,    0.000000,    0.000000,    0.000000,    0.000000,-46483.881425,    0.000000,    0.000000,    0.000000,   24.916930,39459751.855938,    0.000000,    0.000000,  500.000000,    0.000000,    0.070501,   24.542347,   12.059430,   24.542347,  216.600796,  -33.265953,    3.046104,  -51.677137,  209.233948,    0.000000,    0.038458,    0.988435,    0.795664,  642.585381,    0.476425,    0.001300,    0.001300,    0.000000
2015-09-04 24:00:00,491560098.251147,    0.000000,    0.000000,    0.000000,    0.000000,    0.000000,    0.000000,-48893.401327,    0.000000,    0.000000,    0.000000,   24.915691,39457789.556451,    0.000000,    0.000000,  500.000000,    0.000000,    0.070805,   24.723977,   12.061342,   24.723977,  213.965481,  -34.967230,    3.832932,  -55.292469,  202.192757,    0.000000,    0.114801,    2.832585,    1.346936,  143.390627,    0.476425,    0.001300,    0.001300,    0.000000
2015-09-05 24:00:00,491496226.485200,    0.000000,    0.000000,    0.000000,    0.000000,    0.000000,    0.000000,-63781.955441,    0.000000,    0.000000,    0.000000,   24.914075,39455229.570245,    0.000000,    0.000000,  500.000000,    0.000000,    0.071112,   24.387644,   12.065543,   24.387644,  150.667070,  -45.606130,   10.144157,  -47.010876,  178.851727,    0.000000,    0.217707,    5.193127,    1.823769,   58.161772,    0.476425,    0.001300,    0.001300,    0.000000
2015-09-06 24:00:00,491381670.911012,    0.000000,    0.000000,    0.000000,    0.000000,    0.000000,    0.000000,-114384.272922,    0.000000,    0.000000,    0.000000,   24.911176,39450638.172379,    0.000000,    0.000000,  500.000000,    0.000000,    0.071422,   24.356073,   12.083405,   24.356073,  211.103485,  -81.810736,   29.095483,  -56.050830,  194.704201,    0.000000,    0.402175,    9.132865,    2.418572,   21.652572,    0.092648,    0.001300,    0.001300,    0.000000
2015-09-07 24:00:00,491964725.829507,    0.000000,    0.000000,    0.000000,    0.000000,    0.000000,    0.000000,-71043.637527,653271.046409,    0.000000,    0.000000,   24.925932,39474007.066710,    0.000000,    0.000000,  500.000000,    0.000000,    0.071734,   25.012365,   12.090097,   25.012365,  198.057298,  -50.773288,    7.933774,  -43.489458,  163.122252,    0.000000,    0.028729,    0.750085,    0.693123,  998.729588,    0.341423,    0.001300,    0.001300,    0.000000
2015-09-08 24:00:00,492295176.470998,    0.000000,    0.000000,    0.000000,    0.000000,    0.000000,    0.000000,-63502.035225,393640.581835,    0.000000,    0.000000,   24.934295,39487251.558571,    0.000000,    0.000000,  500.000000,    0.000000,    0.072049,   24.798559,   12.094905,   24.798559,  152.388426,  -45.344599,    3.026122,  -37.676609,  173.192748,    0.000000,    0.158679,    3.857180,    1.571775,   99.814062,    0.341423,    0.001300,    0.001300,    0.000000
2015-09-09 24:00:00,492211835.637882,    0.000000,    0.000000,    0.000000,    0.000000,    0.000000,    0.000000,-113926.539953,30641.494053,    0.000000,    0.000000,   24.932186,39483911.250375,    0.000000,    0.000000,  500.000000,    0.000000,    0.072366,   24.848806,   12.097470,   24.848806,  213.007663,  -81.371954,  -20.591167, -122.267941,  187.664025,    0.000000,    0.057557,    1.454683,    0.965249,  433.718915,    0.341423,    0.001300,    0.001300,    0.000000
2015-09-10 24:00:00,492425451.722655,    0.000000,    0.000000,    0.000000,    0.000000,    0.000000,    0.000000,-162508.672928,375980.280054,    0.000000,    0.000000,   24.937592,39492473.002543,    0.000000,    0.000000,  500.000000,    0.000000,    0.072686,   24.410324,   12.100870,   24.410324,  153.944823, -116.071352,  -31.508430,  -94.421856,  121.455937,    0.000000,    0.141435,    3.458010,    1.488225,  121.910428,    0.341423,    0.001300,    0.001300,    0.000000
2015-09-11 24:00:00,492170910.765807,    0.000000,    0.000000,    0.000000,    0.000000,    0.000000,    0.000000,-254382.914543,    0.000000,    0.000000,    0.000000,   24.931150,39482270.977769,    0.000000,    0.000000,  500.000000,    0.000000,    0.073007,   23.926038,   12.108826,   23.926038,  192.527445, -181.822778,  -58.260467, -117.695893,  138.470499,    0.000000,    0.240256,    5.692665,    1.909472,   52.980891,    0.341423,    0.001300,    0.001300,    0.000000
2015-09-12 24:00:00,491924662.558569,    0.000000,    0.000000,    0.000000,    0.000000,    0.000000,    0.000000,-246032.709292,    0.000000,    0.000000,    0.000000,   24.924918,39472401.327155,    0.000000,    0.000000,  500.000000,    0.000000,    0.073331,   23.522653,   12.115483,   23.522653,  206.204387, -175.986572,  -59.364882, -127.537615,  159.342652,    0.000000,    0.130435,    3.200999,    1.431852,  141.920149,    0.341423,    0.001300,    0.001300,    0.000000
2015-09-13 24:00:00,491727994.281631,    0.000000,    0.000000,    0.000000,    0.000000,    0.000000,    0.000000,-196451.822650,    0.000000,    0.000000,    0.000000,   24.919941,39464518.844672,    0.000000,    0.000000,  500.000000,    0.000000,    0.073656,   23.172748,   12.120002,   23.172748,  207.404120, -140.616829,  -41.416334, -146.067593,  170.476907,    0.000000,    0.185550,    4.470822,    1.692190,   82.433336,    0.476377,    0.001300,    0.001300,    0.000000
2015-09-14 24:00:00,491470758.079249,    0.000000,    0.000000,    0.000000,    0.000000,    0.000000,    0.000000,-256894.120791,    0.000000,    0.000000,    0.000000,   24.913430,39454208.794210,    0.000000,    0.000000,  500.000000,    0.000000,    0.073984,   22.809345,   12.136454,   22.809345,  200.456105, -184.011269,  -39.872937, -119.121665,  161.793585,    0.000000,    0.282328,    6.609574,    2.057511,   41.486691,    0.476019,    0.001300,    0.001300,    0.000000
2015-09-15 24:00:00,491249265.035475,    0.000000,    0.000000,    0.000000,    0.000000,    0.000000,    0.000000,-221144.604701,    0.000000,    0.000000,    0.000000,   24.907825,39445331.332807,    0.000000,    0.000000,  500.000000,    0.000000,    0.074313,   22.642959,   12.161381,   22.642959,  197.890994, -158.480151,   -2.092333,  -88.999637,  157.307577,    0.000000,    0.371826,    8.504963,    2.333951,   26.137830,    0.092774,    0.001300,    0.001300,    0.000000
2015-09-16 24:00:00,491005220.499943,    0.000000,    0.000000,    0.000000,    0.000000,    0.000000,    0.000000,-243603.047339,    0.000000,    0.000000,    0.000000,   24.901648,39435550.005557,    0.000000,    0.000000,  500.000000,    0.000000,    0.074644,   22.345860,   12.191139,   22.345860,  170.186859, -174.672577,  -10.203666,  -88.851704,  151.847265,    0.000000,    0.374025,    8.550551,    2.340197,   26.131055,    0.365102,    0.001300,    0.001300,    0.000000
2015-09-17 24:00:00,491088008.096189,    0.000000,    0.000000,    0.000000,    0.000000,    0.000000,    0.000000,-129449.182427,212061.384267,    0.000000,    0.000000,   24.903743,39438868.139968,    0.000000,    0.000000,  500.000000,    0.000000,    0.074976,   22.300731,   12.217728,   22.300731,  137.021457,  -92.831656,    0.360902,  -68.626894,   95.018445,    0.000000,    0.308474,    7.170523,    2.143043,   36.037067,    0.358901,    0.001300,    0.001300,    0.000000
2015-09-18 24:00:00,493166485.436011,    0.000000,    0.000000,    0.000000,    0.000000,    0.000000,    0.000000,-36827.447639,2113133.634906,    0.000000,    0.000000,   24.956347,39522173.701386,    0.000000,    0.000000,  500.000000,    0.000000,    0.075310,   22.603670,   12.224413,   22.603670,  176.226861,  -26.346159,    8.408595,  -40.522127,  105.547796,    0.000000,    0.211763,    5.060962,    1.800412,   66.289875,    0.358901,    0.001300,    0.001300,    0.000000
2015-09-19 24:00:00,493541493.658717,    0.000000,    0.000000,    0.000000,    0.000000,    0.000000,    0.000000,-247220.529734,622350.795977,    0.000000,    0.000000,   24.965838,39537204.065167,    0.000000,    0.000000,  500.000000,    0.000000,    0.075646,   22.112658,   12.245038,   22.112658,  195.123236, -176.840660,  -62.157724,  -95.396086,  144.140138,    0.000000,    0.140910,    3.445935,    1.485624,  132.604088,    0.144250,    0.001300,    0.001300,    0.000000
2015-09-20 24:00:00,493429323.011007,    0.000000,    0.000000,    0.000000,    0.000000,    0.000000,    0.000000,-112235.806273,    0.000000,    0.000000,    0.000000,   24.962999,39532708.255372,    0.000000,    0.000000,  500.000000,    0.000000,    0.075982,   21.973075,   12.248332,   21.973075,  183.506861,  -80.316056,  -16.380051, -139.583827,  132.999428,    0.000000,    0.190129,    4.574817,    1.711758,   82.542764,    0.144250,    0.001300,    0.001300,    0.000000
2015-09-21 24:00:00,493229806.152374,    0.000000,    0.000000,    0.000000,    0.000000,    0.000000,    0.000000,-199601.467075,    0.000000,    0.000000,    0.000000,   24.957949,39524711.601475,    0.000000,    0.000000,  500.000000,    0.000000,    0.076320,   21.664106,   12.258080,   21.664106,  191.779467, -142.906854,  -39.497779, -131.055400,  132.995136,    0.000000,    0.236159,    5.602669,    1.894318,   58.381440,    0.144250,    0.001300,    0.001300,    0.000000
2015-09-22 24:00:00,493080421.415423,    0.000000,    0.000000,    0.000000,    0.000000,    0.000000,    0.000000,-149421.498414,    0.000000,    0.000000,    0.000000,   24.954169,39518724.247588,    0.000000,    0.000000,  500.000000,    0.000000,    0.076659,   21.561733,   12.264299,   21.561733,  184.889563, -107.027388,  -29.344279, -112.924463,  125.485740,    0.000000,    0.192026,    4.617612,    1.719745,   80.385883,    0.144250,    0.001300,    0.001300,    0.000000
2015-09-23 24:00:00,492974825.761528,    0.000000,    0.000000,    0.000000,    0.000000,    0.000000,    0.000000,-105607.880337,    0.000000,    0.000000,    0.000000,   24.951496,39514491.964146,    0.000000,    0.000000,  500.000000,    0.000000,    0.076999,   21.557120,   12.268739,   21.557120,  184.001426,  -75.655895,  -11.393137,  -91.721663,  122.028130,    0.000000,    0.182002,    4.390585,    1.676937,   87.404699,    0.144250,    0.001300,    0.001300,    0.000000
2015-09-24 24:00:00,492865909.575199,    0.000000,    0.000000,    0.000000,    0.000000,    0.000000,    0.000000,-108916.954414,    0.000000,    0.000000,    0.000000,   24.948740,39510126.593460,    0.000000,    0.000000,  500.000000,    0.000000,    0.077340,   21.406994,   12.272910,   21.406994,  160.963458,  -78.041322,  -14.849393,  -92.223530,  104.208944,    0.000000,    0.162608,    3.947646,    1.590100,  107.355960,    0.111148,    0.001300,    0.001300,    0.000000
2015-09-25 24:00:00,492753197.852930,    0.000000,    0.000000,    0.000000,    0.000000,    0.000000,    0.000000,-112699.857171,    0.000000,    0.000000,    0.000000,   24.945887,39505609.097348,    0.000000,    0.000000,  500.000000,    0.000000,    0.077681,   21.366794,   12.280080,   21.366794,  157.512217,  -80.768932,   -8.239209,  -81.086895,  104.878703,    0.000000,    0.201008,    4.819865,    1.757005,   76.139675,    0.111148,    0.001300,    0.001300,    0.000000
2015-09-26 24:00:00,492647247.002071,    0.000000,    0.000000,    0.000000,    0.000000,    0.000000,    0.000000,-105927.940552,    0.000000,    0.000000,    0.000000,   24.943206,39501362.577579,    0.000000,    0.000000,  500.000000,    0.000000,    0.078024,   21.376551,   12.285013,   21.376551,  178.995531,  -75.924742,  -13.701263,  -98.332177,  108.011380,    0.000000,    0.210054,    5.022635,    1.793582,   69.538642,    0.105292,    0.001300,    0.001300,    0.000000
2015-09-27 24:00:00,492532618.966032,    0.000000,    0.000000,    0.000000,    0.000000,    0.000000,    0.000000,-114590.433963,    0.000000,    0.000000,    0.000000,   24.940305,39496768.275436,    0.000000,    0.000000,  500.000000,    0.000000,    0.078366,   21.181496,   12.292179,   21.181496,  144.398340,  -82.154112,  -19.496915,  -90.831113,   60.724590,    0.000000,    0.240051,    5.688245,    1.908730,   57.357262,    0.105292,    0.001300,    0.001300,    0.000000
2015-09-28 24:00:00,492457916.134065,    0.000000,    0.000000,    0.000000,    0.000000,    0.000000,    0.000000,-74671.098816,    0.000000,    0.000000,    0.000000,   24.938414,39493774.179115,    0.000000,    0.000000,  500.000000,    0.000000,    0.078710,   21.310556,   12.300265,   21.310556,  154.412110,  -53.537430,    1.944026,  -46.799978,   97.730461,    0.000000,    0.214812,    5.128853,    1.812448,   68.067945,    0.105292,    0.001300,    0.001300,    0.000000
2015-09-29 24:00:00,493737290.889761,    0.000000,    0.000000,    0.000000,    0.000000,    0.000000,    0.000000,-160346.469383,1439838.292394,    0.000000,    0.000000,   24.970793,39545051.636051,    0.000000,    0.000000,  500.000000,    0.000000,    0.079054,   20.965266,   12.315776,   20.965266,  116.047738, -114.830212,  -33.174053,  -74.695772,   98.047640,    0.000000,    0.197847,    4.748996,    1.744040,   80.399981,    0.105292,    0.001300,    0.001300,    0.000000
2015-09-30 24:00:00,493532937.288709,    0.000000,    0.000000,    0.000000,    0.000000,    0.000000,    0.000000,-215718.256154,11214.629728,    0.000000,    0.000000,   24.965621,39536861.125076,    0.000000,    0.000000,  500.000000,    0.000000,    0.079398,   20.491915,   12.324353,   20.491915,  169.527124, -154.591797,  -68.382571, -151.778410,   83.929480,    0.000000,    0.210868,    5.041037,    1.796865,   73.375843,    0.137468,    0.001300,    0.001300,    0.000000
2015-10-01 24:00:00,493316141.918522,    0.000000,    0.000000,    0.000000,    0.000000,    0.000000,    0.000000,-216908.310241,    0.000000,    0.000000,    0.000000,   24.960135,39528171.946859,    0.000000,    0.000000,  500.000000,    0.000000,    0.079742,   20.062260,   12.338297,   20.062260,  146.300418, -155.556312,  -65.857028, -115.718202,   77.463655,    0.000000,    0.288456,    6.742399,    2.078082,   44.004132,    0.170879,    0.001300,    0.001300,    0.000000
2015-10-02 24:00:00,493065973.989160,    0.000000,    0.000000,    0.000000,    0.000000,    0.000000,    0.000000,-250239.171191,    0.000000,    0.000000,    0.000000,   24.953803,39518145.193425,    0.000000,    0.000000,  500.000000,    0.000000,    0.080086,   19.496412,   12.359849,   19.496412,  176.141070, -179.609623,  -79.917724, -152.408008,   91.623427,    0.000000,    0.340753,    7.855625,    2.243085,   34.260407,    0.137468,    0.001300,    0.001300,    0.000000
2015-10-03 24:00:00,492825785.838458,    0.000000,    0.000000,    0.000000,    0.000000,    0.000000,    0.000000,-240196.750943,    0.000000,    0.000000,    0.000000,   24.947724,39508518.430431,    0.000000,    0.000000,  500.000000,    0.000000,    0.080430,   18.974191,   12.382382,   18.974191,  167.638157, -172.552071,  -79.816117, -147.613905,   80.407173,    0.000000,    0.263747,    6.207223,    1.993903,   54.034453,    0.097532,    0.001300,    0.001300,    0.000000
2015-10-04 24:00:00,492677856.065744,    0.000000,    0.000000,    0.000000,    0.000000,    0.000000,    0.000000,-147905.642239,    0.000000,    0.000000,    0.000000,   24.943980,39502589.391643,    0.000000,    0.000000,  500.000000,    0.000000,    0.080774,   18.604166,   12.390173,   18.604166,   83.889123, -106.319204,  -55.289083,  -95.934168,   40.019404,    0.000000,    0.136475,    3.342415,    1.463139,  159.007237,    0.137468,    0.001300,    0.001300,    0.000000
2015-10-05 24:00:00,492620552.869160,    0.000000,    0.000000,    0.000000,    0.000000,    0.000000,    0.000000,-57287.775565,    0.000000,    0.000000,    0.000000,   24.942530,39500292.674296,    0.000000,    0.000000,  500.000000,    0.000000,    0.081118,   18.570356,   12.391853,   18.570356,   78.116820,  -41.192230,  -18.335970,  -49.375174,   39.181114,    0.000000,    0.082187,    2.052391,    1.146530,  332.479479,    0.137468,    0.001300,    0.001300,    0.000000
2015-10-06 24:00:00,492577800.217710,    0.000000,    0.000000,    0.000000,    0.000000,    0.000000,    0.000000,-42738.966440,    0.000000,    0.000000,    0.000000,   24.941448,39498579.144125,    0.000000,    0.000000,  500.000000,    0.000000,    0.081462,   18.763655,   12.393237,   18.763655,  133.730876,  -30.730923,   -5.072354,  -60.613082,   45.089198,    0.000000,    0.046596,    1.187320,    0.872046,  668.058804,    0.137468,    0.001300,    0.001300,    0.000000
2015-10-07 24:00:00,492508332.088168,    0.000000,    0.000000,    0.000000,    0.000000,    0.000000,    0.000000,-69441.973697,    0.000000,    0.000000,    0.000000,   24.939690,39495794.855155,    0.000000,    0.000000,  500.000000,    0.000000,    0.081805,   18.795963,   12.395817,   18.795963,  161.020540,  -49.931411,   -4.248725,  -71.069244,   65.573812,    0.000000,    0.123419,    3.036209,    1.394509,  169.074857,    0.137468,    0.001300,    0.001300,    0.000000
2015-10-08 24:00:00,492422370.833314,    0.000000,    0.000000,    0.000000,    0.000000,    0.000000,    0.000000,-116947.153083,31024.466725,    0.000000,    0.000000,   24.937514,39492349.520217,    0.000000,    0.000000,  500.000000,    0.000000,    0.082148,   18.493078,   12.411432,   18.493078,  123.324789,  -84.110594,  -15.382883,  -88.933987,   55.629197,    0.000000,    0.196814,    4.725446,    1.739710,   89.037528,    0.089151,    0.001300,    0.001300,    0.000000
2015-10-09 24:00:00,492275050.519957,    0.000000,    0.000000,    0.000000,    0.000000,    0.000000,    0.000000,-147236.066794,    0.000000,    0.000000,    0.000000,   24.933786,39486444.908617,    0.000000,    0.000000,  500.000000,    0.000000,    0.082490,   18.311593,   12.429951,   18.311593,  148.725442, -105.931807,  -30.611864,  -89.190448,   50.206170,    0.000000,    0.101775,    2.522838,    1.271160,  251.374458,    0.137468,    0.001300,    0.001300,    0.000000
2015-10-10 24:00:00,492122566.676889,    0.000000,    0.000000,    0.000000,    0.000000,    0.000000,    0.000000,-152373.629783,    0.000000,    0.000000,    0.000000,   24.929927,39480333.342274,    0.000000,    0.000000,  500.000000,    0.000000,    0.082831,   18.053847,   12.449554,   18.053847,  157.660504, -109.671417,  -28.069759, -127.570663,   52.352018,    0.000000,    0.307873,    7.158135,    2.141191,   43.787029,    0.085822,    0.001300,    0.001300,    0.000000
2015-10-11 24:00:00,491933495.879714,    0.000000,    0.000000,    0.000000,    0.000000,    0.000000,    0.000000,-188901.339319,    0.000000,    0.000000,    0.000000,   24.925142,39472755.367473,    0.000000,    0.000000,  500.000000,    0.000000,    0.083171,   17.823718,   12.487762,   17.823718,  152.223472, -136.029812,  -20.198995, -100.441909,   46.574904,    0.000000,    0.301738,    7.026925,    2.121476,   45.732913,    0.137468,    0.001300,    0.001300,    0.000000
2015-10-12 24:00:00,491745661.534686,    0.000000,    0.000000,    0.000000,    0.000000,    0.000000,    0.000000,-187630.341026,    0.000000,    0.000000,    0.000000,   24.920388,39465226.949786,    0.000000,    0.000000,  500.000000,    0.000000,    0.083511,   17.608426,   12.537865,   17.608426,  143.382582, -135.163763,    5.961021,  -90.727677,   32.795656,    0.000000,    0.528952,   11.689687,    2.736259,   18.003456,    0.099669,    0.001300,    0.001300,    0.000000
2015-10-13 24:00:00,491474426.732541,    0.000000,    0.000000,    0.000000,    0.000000,    0.000000,    0.000000,-270877.141926,    0.000000,    0.000000,    0.000000,   24.913523,39454355.834169,    0.000000,    0.000000,  500.000000,    0.000000,    0.083849,   17.162152,   12.593819,   17.162152,  139.536847, -195.259551,  -67.540710,  -92.609127,   36.550759,    0.000000,    0.246210,    5.823353,    1.931265,   69.018521,    0.137468,    0.001300,    0.001300,    0.000000
2015-10-14 24:00:00,491319783.693533,    0.000000,    0.000000,    0.000000,    0.000000,    0.000000,    0.000000,-154405.332805,    0.000000,    0.000000,    0.000000,   24.909609,39448157.727056,    0.000000,    0.000000,  500.000000,    0.000000,    0.084186,   16.875873,   12.603408,   16.875873,  151.238111, -111.367994,  -44.294431, -142.251037,   34.793594,    0.000000,    0.191065,    4.595516,    1.715626,  105.396099,    0.137468,    0.001300,    0.001300,    0.000000
2015-10-15 24:00:00,491085349.214832,    0.000000,    0.000000,    0.000000,    0.000000,    0.000000,    0.000000,-235393.202258, 1364.788776,    0.000000,    0.000000,   24.903676,39438761.571760,    0.000000,    0.000000,  500.000000,    0.000000,    0.084522,   16.475765,   12.641017,   16.475765,  148.257336, -169.887409,  -40.128508, -135.375737,   30.833288,    0.000000,    0.353970,    8.132170,    2.282226,   38.931883,    0.137468,    0.001300,    0.001300,    0.000000
2015-10-16 24:00:00,490818897.304410,    0.000000,    0.000000,    0.000000,    0.000000,    0.000000,    0.000000,-266409.463055,    0.000000,    0.000000,    0.000000,   24.896920,39428062.606492,    0.000000,    0.000000,  500.000000,    0.000000,    0.084857,   15.947116,   12.676835,   15.947116,  133.987989, -192.420211,  -87.934589, -129.834265,   26.758781,    0.000000,    0.245253,    5.802138,    1.927744,   75.510219,    0.137468,    0.001300,    0.001300,    0.000000
2015-10-17 24:00:00,490621705.699989,    0.000000,    0.000000,    0.000000,    0.000000,    0.000000,    0.000000,-197544.921674,    0.000000,    0.000000,    0.000000,   24.891909,39420127.344281,    0.000000,    0.000000,  500.000000,    0.000000,    0.085190,   15.508394,   12.693483,   15.508394,  129.214287, -142.788469,  -84.736228, -138.031059,   21.201631,    0.000000,    0.163636,    3.970869,    1.594771,  150.557623,    0.137468,    0.001300,    0.001300,    0.000000
2015-10-18 24:00:00,490479332.769166,    0.000000,    0.000000,    0.000000,    0.000000,    0.000000,    0.000000,-142603.128601,    0.000000,    0.000000,    0.000000,   24.888292,39414398.061123,    0.000000,    0.000000,  500.000000,    0.000000,    0.085522,   15.222390,   12.702525,   15.222390,  143.450462, -103.131514,  -51.571898, -144.868526,   18.070086,    0.000000,    0.214647,    5.124646,    1.811705,   98.066537,    0.137468,    0.001300,    0.001300,    0.000000
2015-10-19 24:00:00,490214099.675358,    0.000000,    0.000000,    0.000000,    0.000000,    0.000000,    0.000000,-265607.366870,    0.000000,    0.000000,    0.000000,   24.881552,39403724.715507,    0.000000,    0.000000,  500.000000,    0.000000,    0.085852,   14.819802,   12.789638,   14.819802,  120.799174, -192.220938,  -40.225894, -107.165157,   10.377408,    0.000000,    0.414922,    9.393809,    2.452880,   33.968663,    0.137468,    0.001300,    0.001300,    0.000000
2015-10-20 24:00:00,490081158.297693,    0.000000,    0.000000,    0.000000,    0.000000,    0.000000,    0.000000,-133101.513127,    0.000000,    0.000000,    0.000000,   24.878174,39398374.971061,    0.000000,    0.000000,  500.000000,    0.000000,    0.086180,   14.827900,   12.827757,   14.827900,  128.731328,  -96.358804,   16.483542,  -73.713439,    9.854631,    0.000000,    0.208221,    4.980985,    1.786130,   81.690074,    0.137468,    0.001300,    0.001300,    0.000000
2015-10-21 24:00:00,490039392.667330,    0.000000,    0.000000,    0.000000,    0.000000,    0.000000,    0.000000,-56294.555927,14482.366341,    0.000000,    0.000000,   24.877113,39396694.264475,    0.000000,    0.000000,  500.000000,    0.000000,    0.086507,   14.868785,   12.855334,   14.868785,  115.102227,  -40.755161,   28.478818,  -44.929876,    5.583270,    0.000000,    0.255730,    6.031401,    1.965461,   70.818603,    0.137468,    0.001300,    0.001300,    0.000000
2015-10-22 24:00:00,489969264.549899,    0.000000,    0.000000,    0.000000,    0.000000,    0.000000,    0.000000,-75938.318689, 5736.089328,    0.000000,    0.000000,   24.875331,39393872.212279,    0.000000,    0.000000,  500.000000,    0.000000,    0.086831,   14.859579,   12.863895,   14.859579,  134.520081,  -54.978421,  -11.020430, -108.439916,    2.644536,    0.000000,    0.141281,    3.454119,    1.487387,  134.443560,    0.137468,    0.001300,    0.001300,    0.000000
2015-10-23 24:00:00,490146853.417640,    0.000000,    0.000000,    0.000000,    0.000000,    0.000000,    0.000000,-105010.686135,282786.892255,    0.000000,    0.000000,   24.879843,39401018.633322,    0.000000,    0.000000,  500.000000,    0.000000,    0.087154,   14.548308,   12.915111,   14.548308,   51.486292,  -76.026677,  -30.336473,  -66.343255,    0.000000,    0.000000,    0.317984,    7.372602,    2.173030,   56.931215,    0.506328,    0.001300,    0.001300,    0.000000
2015-10-24 24:00:00,490340387.768513,    0.000000,    0.000000,    0.000000,    0.000000,    0.000000,    0.000000,-47437.830514,241207.714094,    0.000000,    0.000000,   24.884761,39408806.722606,    0.000000,    0.000000,  500.000000,    0.000000,    0.087474,   14.510300,   14.510300,   14.510300,   68.253168,  -34.341568,   -2.544268,  -46.871735,    0.000000,    0.000000,    0.244818,    5.792423,    1.926130,    0.000000,    0.444085,    0.001300,    0.001300,    0.000000
2015-10-25 24:00:00,490281171.010039,    0.000000,    0.000000,    0.000000,    0.000000,    0.000000,    0.000000,-72302.667098,13004.700617,    0.000000,    0.000000,   24.883256,39406423.758548,    0.000000,    0.000000,  500.000000,    0.000000,    0.087793,   14.470450,   14.262772,   14.470450,  126.622538,  -52.352593,  -28.948902, -129.738041,    0.000000,    0.000000,    0.057566,    1.454841,    0.965302,  209.357728,    0.677452,    0.001300,    0.001300,    0.000000
2015-10-26 24:00:00,490179384.431703,    0.000000,    0.000000,    0.000000,    0.000000,    0.000000,    0.000000,-101917.719382,    0.000000,    0.000000,    0.000000,   24.880670,39402327.726209,    0.000000,    0.000000,  500.000000,    0.000000,    0.088109,   14.200979,   14.133269,   14.200979,  119.107680,  -73.816228,  -25.258723, -112.814464,    0.000000,    0.000000,    0.161403,    3.919514,    1.584425,  111.785626,    0.380799,    0.001300,    0.001300,    0.000000
2015-10-27 24:00:00,490276203.626017,    0.000000,    0.000000,    0.000000,    0.000000,    0.000000,    0.000000,-107231.785341,204168.003165,    0.000000,    0.000000,   24.883130,39406223.864162,    0.000000,    0.000000,  500.000000,    0.000000,    0.088422,   14.035228,   14.035228,   14.035228,   93.553501,  -77.671226,  -23.930249,  -79.029716,    0.000000,    0.000000,    0.388309,    8.846228,    2.380315,    0.000000,    0.444090,    0.001300,    0.001300,    0.000000
2015-10-28 24:00:00,491411442.642411,    0.000000,    0.000000,    0.000000,    0.000000,    0.000000,    0.000000,-100602.960264,1236064.286091,    0.000000,    0.000000,   24.911929,39451831.426090,    0.000000,    0.000000,  500.000000,    0.000000,    0.088733,   13.838143,   13.838143,   13.838143,   41.310485,  -72.796906,  -37.873736,  -39.775305,    0.000000,    0.000000,    0.375770,    8.587037,    2.345185,    0.000000,    0.443991,    0.001300,    0.001300,    0.000000
2015-10-29 24:00:00,491158702.021270,    0.000000,    0.000000,    0.000000,    0.000000,    0.000000,    0.000000,-252323.996475,    0.000000,    0.000000,    0.000000,   24.905533,39441701.558935,    0.000000,    0.000000,  500.000000,    0.000000,    0.089041,   13.289633,   13.289633,   13.289633,   45.300814, -182.704829, -112.924118,  -77.242934,    0.000000,    0.000000,    0.240400,    5.695510,    1.909949,    0.000000,    0.444013,    0.001300,    0.001300,    0.000000
2015-10-30 24:00:00,491090929.337715,    0.000000,    0.000000,    0.000000,    0.000000,    0.000000,    0.000000,-74646.548592, 6996.860447,    0.000000,    0.000000,   24.903817,39438985.223595,    0.000000,    0.000000,  500.000000,    0.000000,    0.089347,   13.146377,   13.081061,   13.146377,  121.392785,  -54.075663,  -31.794063, -118.815743,    0.000000,    0.000000,    0.160831,    3.906501,    1.581792,  119.669462,    0.470197,    0.001300,    0.001300,    0.000000
2015-10-31 24:00:00,491429541.517897,    0.000000,    0.000000,    0.000000,    0.000000,    0.000000,    0.000000,-92480.041659,430516.083308,    0.000000,    0.000000,   24.912387,39452556.830671,    0.000000,    0.000000,  500.000000,    0.000000,    0.089650,   12.899489,   12.899489,   12.899489,   25.856959,  -66.984505,  -41.265261,  -57.145176,    0.000000,    0.000000,    0.266108,    6.258125,    2.002062,    0.000000,    0.443989,    0.001300,    0.001300,    0.000000
2015-11-01 24:00:00,491328610.493497,    0.000000,    0.000000,    0.000000,    0.000000,    0.000000,    0.000000,-100773.915653,    0.000000,    0.000000,    0.000000,   24.909833,39448511.506004,    0.000000,    0.000000,  500.000000,    0.000000,    0.089950,   12.713036,   12.657419,   12.713036,  107.082650,  -73.019350,  -28.751457, -113.954752,    0.000000,    0.000000,    0.162402,    3.942644,    1.589093,  124.637241,    0.233877,    0.001300,    0.001300,    0.000000
2015-11-02 24:00:00,491270336.048484,    0.000000,    0.000000,    0.000000,    0.000000,    0.000000,    0.000000,-58178.974944,    0.000000,    0.000000,    0.000000,   24.908358,39446175.860931,    0.000000,    0.000000,  500.000000,    0.000000,    0.090247,   12.680812,   12.566499,   12.680812,  103.736212,  -42.163261,    7.434140,  -83.601851,    0.000000,    0.000000,    0.223760,    5.327668,    1.847243,   78.500946,    0.107205,    0.001300,    0.001300,    0.000000
2015-11-03 24:00:00,491227278.694256,    0.000000,    0.000000,    0.000000,    0.000000,    0.000000,    0.000000,-42984.588673,    0.000000,    0.000000,    0.000000,   24.907268,39444450.118245,    0.000000,    0.000000,  500.000000,    0.000000,    0.090542,   12.670614,   12.538362,   12.670614,  102.873603,  -31.153617,   10.849204,  -89.041879,    0.000000,    0.000000,    0.215255,    5.138412,    1.814136,   70.279833,    0.572221,    0.001300,    0.001300,    0.000000
2015-11-04 24:00:00,491203510.893223,    0.000000,    0.000000,    0.000000,    0.000000,    0.000000,    0.000000,-23726.823621,    0.000000,    0.000000,    0.000000,   24.906667,39443497.502611,    0.000000,    0.000000,  500.000000,    0.000000,    0.090833,   12.678146,   12.528691,   12.678146,  101.604305,  -17.197218,   19.714026,  -85.373773,    0.000000,    0.000000,    0.256216,    6.042413,    1.967255,   67.874408,    0.429338,    0.001300,    0.001300,    0.000000
2015-11-05 24:00:00,491201000.646640,    0.000000,    0.000000,    0.000000,    0.000000,    0.000000,    0.000000,-2505.883833,    0.000000,    0.000000,    0.000000,   24.906603,39443396.891699,    0.000000,    0.000000,  500.000000,    0.000000,    0.091120,   12.813945,   12.813945,   12.813945,   94.307511,   -1.816153,   45.350860,  -45.873802,    0.000000,    0.000000,    0.483007,   10.773910,    2.626892,    0.000000,    0.444009,    0.001300,    0.001300,    0.000000
2015-11-06 24:00:00,491522902.253770,    0.000000,    0.000000,    0.000000,    0.000000,    0.000000,    0.000000,-80474.374271,401845.301459,    0.000000,    0.000000,   24.914750,39456298.737483,    0.000000,    0.000000,  500.000000,    0.000000,    0.091405,   12.742634,   12.742634,   12.742634,   78.320829,  -58.297956,   -4.022207,  -54.966712,    0.000000,    0.000000,    0.164520,    3.991293,    1.598867,    0.000000,    0.443981,    0.001300,    0.001300,    0.000000
2015-11-07 24:00:00,491392285.525368,    0.000000,    0.000000,    0.000000,    0.000000,    0.000000,    0.000000,-130423.952538,    0.000000,    0.000000,    0.000000,   24.911444,39451063.607091,    0.000000,    0.000000,  500.000000,    0.000000,    0.091686,   12.472387,   12.472387,   12.472387,  101.080087,  -94.514639,  -40.622834, -121.635791,    0.000000,    0.000000,    0.204445,    4.896717,    1.770957,    0.000000,    0.443992,    0.001300,    0.001300,    0.000000
2015-11-08 24:00:00,491259123.660464,    0.000000,    0.000000,    0.000000,    0.000000,    0.000000,    0.000000,-132947.484670,    0.000000,    0.000000,    0.000000,   24.908074,39445726.467396,    0.000000,    0.000000,  500.000000,    0.000000,    0.091964,   12.138221,   12.138221,   12.138221,   99.572425,  -96.389802,  -50.345956, -147.388672,    0.000000,    0.000000,    0.234586,    5.567352,    1.888338,    0.000000,    0.444004,    0.001300,    0.001300,    0.000000
2015-11-09 24:00:00,491156520.593372,    0.000000,    0.000000,    0.000000,    0.000000,    0.000000,    0.000000,-102425.534560,    0.000000,    0.000000,    0.000000,   24.905477,39441614.127106,    0.000000,    0.000000,  500.000000,    0.000000,    0.092238,   11.854922,   11.836491,   11.854922,   98.187634,  -74.291666,  -45.107061, -143.678736,    0.000000,    0.000000,    0.152085,    3.704896,    1.540435,  174.931567,    0.278298,    0.001300,    0.001300,    0.000000
2015-11-10 24:00:00,491083430.561169,    0.000000,    0.000000,    0.000000,    0.000000,    0.000000,    0.000000,-72957.010240,    0.000000,    0.000000,    0.000000,   24.903628,39438684.671946,    0.000000,    0.000000,  500.000000,    0.000000,    0.092508,   11.656409,   11.614125,   11.656409,   96.924566,  -52.934318,  -25.898907, -138.278483,    0.000000,    0.000000,    0.143146,    3.497647,    1.496730,  106.067927,    0.092143,    0.001300,    0.001300,    0.000000
2015-11-11 24:00:00,491012641.344110,    0.000000,    0.000000,    0.000000,    0.000000,    0.000000,    0.000000,-70655.222541,    0.000000,    0.000000,    0.000000,   24.901836,39435847.433668,    0.000000,    0.000000,  500.000000,    0.000000,    0.092775,   11.567208,   11.567208,   11.567208,   64.457615,  -51.277777,   -6.692658,  -49.320318,    0.000000,    0.000000,    0.408472,    9.262056,    2.435618,    0.000000,    0.444026,    0.001300,    0.001300,    0.000000
2015-11-12 24:00:00,491553329.220848,    0.000000,    0.000000,    0.000000,    0.000000,    0.000000,    0.000000,-117512.373478,657245.306978,    0.000000,    0.000000,   24.915520,39457518.253099,    0.000000,    0.000000,  500.000000,    0.000000,    0.093038,   11.351417,   11.351417,   11.351417,   41.909785,  -85.245650,  -37.468364,  -46.055711,    0.000000,    0.000000,    0.514108,   11.395049,    2.701555,    0.000000,    0.443978,    0.001300,    0.001300,    0.000000
2015-11-13 24:00:00,491301915.176984,    0.000000,    0.000000,    0.000000,    0.000000,    0.000000,    0.000000,-251035.872850,    0.000000,    0.000000,    0.000000,   24.909157,39447441.555283,    0.000000,    0.000000,  500.000000,    0.000000,    0.093297,   10.852547,   10.852547,   10.852547,   93.452708, -182.222312,  -89.438928, -115.985200,    0.000000,    0.000000,    0.318767,    7.389757,    2.175557,    0.000000,    0.444000,    0.001300,    0.001300,    0.000000
2015-11-14 24:00:00,491187984.229519,    0.000000,    0.000000,    0.000000,    0.000000,    0.000000,    0.000000,-113738.137116,    0.000000,    0.000000,    0.000000,   24.906274,39442875.192513,    0.000000,    0.000000,  500.000000,    0.000000,    0.093552,   10.547740,   10.547740,   10.547740,   90.444324,  -82.607863,  -45.462127, -139.972845,    0.000000,    0.000000,    0.258961,    6.102352,    1.976988,    0.000000,    0.444010,    0.001300,    0.001300,    0.000000
2015-11-15 24:00:00,491100941.221268,    0.000000,    0.000000,    0.000000,    0.000000,    0.000000,    0.000000,-86886.773655,    0.000000,    0.000000,    0.000000,   24.904071,39439386.500801,    0.000000,    0.000000,  500.000000,    0.000000,    0.093803,   10.362242,   10.362242,   10.362242,   88.782409,  -63.127010,  -21.027345, -110.723194,    0.000000,    0.000000,    0.209025,    4.999231,    1.789398,    0.000000,    0.444018,    0.001300,    0.001300,    0.000000
2015-11-16 24:00:00,491018347.571538,    0.000000,    0.000000,    0.000000,    0.000000,    0.000000,    0.000000,-84126.243404, 1687.953939,    0.000000,    0.000000,   24.901980,39436076.139784,    0.000000,    0.000000,  500.000000,    0.000000,    0.094051,   10.264244,   10.264244,   10.264244,   45.045271,  -61.134262,   -0.176555,  -39.759910,    0.000000,    0.000000,    0.394945,    8.983707,    2.398740,    0.000000,    0.444025,    0.001300,    0.001300,    0.000000
2015-11-17 24:00:00,491403781.492847,    0.000000,    0.000000,    0.000000,    0.000000,    0.000000,    0.000000,-37210.467682,421961.851992,    0.000000,    0.000000,   24.911735,39451524.366517,    0.000000,    0.000000,  500.000000,    0.000000,    0.094293,   10.255666,   10.255666,   10.255666,   32.541122,  -27.031919,    2.513298,  -12.187199,    0.000000,    0.000000,    0.461271,   10.336848,    2.573058,    0.000000,    0.443991,    0.001300,    0.001300,    0.000000
2015-11-18 24:00:00,492309266.623922,    0.000000,    0.000000,    0.000000,    0.000000,    0.000000,    0.000000,-29069.824441,933507.265897,    0.000000,    0.000000,   24.934652,39487816.293185,    0.000000,    0.000000,  500.000000,    0.000000,    0.094532,   10.350745,   10.350745,   10.350745,   44.275143,  -21.095835,   44.803474,  -11.891355,    0.000000,    0.000000,    0.613036,   13.337953,    2.922818,    0.000000,    0.443912,    0.001300,    0.001300,    0.000000
2015-11-19 24:00:00,492117657.191843,    0.000000,    0.000000,    0.000000,    0.000000,    0.000000,    0.000000,-209953.869025,18479.785372,    0.000000,    0.000000,   24.929802,39480136.569666,    0.000000,    0.000000,  500.000000,    0.000000,    0.094767,    9.975273,    9.975273,    9.975273,   79.768725, -152.423820,  -62.109104,  -86.100679,    0.000000,    0.000000,    0.536850,   11.846222,    2.754519,    0.000000,    0.443929,    0.001300,    0.001300,    0.000000
2015-11-20 24:00:00,492039021.910511,    0.000000,    0.000000,    0.000000,    0.000000,    0.000000,    0.000000,-172389.827205,93819.026989,    0.000000,    0.000000,   24.927812,39476984.860415,    0.000000,    0.000000,  500.000000,    0.000000,    0.094997,    9.518893,    9.518893,    9.518893,   77.376931, -125.217771,  -82.085648, -139.447418,    0.000000,    0.000000,    0.039196,    1.006514,    0.802907,    0.000000,    0.443936,    0.001300,    0.001300,    0.000000
2015-11-21 24:00:00,493455033.138390,    0.000000,    0.000000,    0.000000,    0.000000,    0.000000,    0.000000,-100574.950523,1516251.141001,    0.000000,    0.000000,   24.963650,39533738.719624,    0.000000,    0.000000,  500.000000,    0.000000,    0.095222,    9.146336,    9.146336,    9.146336,   45.846731,  -72.980893,  -78.236215,  -93.254170,    0.000000,    0.000000,    0.221140,    5.270045,    1.837226,    0.000000,    0.443811,    0.001300,    0.001300,    0.000000
2015-11-22 24:00:00,493327408.853728,    0.000000,    0.000000,    0.000000,    0.000000,    0.000000,    0.000000,-127686.184293,    0.000000,    0.000000,    0.000000,   24.960420,39528623.526650,    0.000000,    0.000000,  500.000000,    0.000000,    0.095443,    8.623071,    8.623071,    8.623071,   77.440407,  -92.708601, -129.123695, -166.324472,    0.000000,    0.000000,    0.261939,    6.168012,    1.987596,    0.000000,    0.443822,    0.001300,    0.001300,    0.000000
2015-11-23 24:00:00,493233326.819483,    0.000000,    0.000000,    0.000000,    0.000000,    0.000000,    0.000000,-94117.032769,    0.000000,    0.000000,    0.000000,   24.958039,39524852.710134,    0.000000,    0.000000,  500.000000,    0.000000,    0.095660,    8.334042,    8.334042,    8.334042,   56.772471,  -68.368569,  -75.116586,  -84.172371,    0.000000,    0.000000,    0.169459,    4.104746,    1.621431,    0.000000,    0.443831,    0.001300,    0.001300,    0.000000
2015-11-24 24:00:00,493178012.480080,    0.000000,    0.000000,    0.000000,    0.000000,    0.000000,    0.000000,-55330.681686,    0.000000,    0.000000,    0.000000,   24.956639,39522635.706364,    0.000000,    0.000000,  500.000000,    0.000000,    0.095871,    8.108074,    8.103653,    8.108074,   80.915727,  -40.206107,  -44.551130, -127.872521,    0.000000,    0.000000,    0.142690,    3.487328,    1.494520,  181.031060,    0.102149,    0.001300,    0.001300,    0.000000
2015-11-25 24:00:00,493087300.694078,    0.000000,    0.000000,    0.000000,    0.000000,    0.000000,    0.000000,-90731.918572,    0.000000,    0.000000,    0.000000,   24.954343,39518999.969704,    0.000000,    0.000000,  500.000000,    0.000000,    0.096079,    7.814453,    7.814453,    7.814453,   58.665792,  -65.955501,  -64.812434, -101.076275,    0.000000,    0.000000,    0.313079,    7.269562,    2.157792,    0.000000,    0.443843,    0.001300,    0.001300,    0.000000
2015-11-26 24:00:00,493554782.788006,    0.000000,    0.000000,    0.000000,    0.000000,    0.000000,    0.000000,-47607.321420,515259.397482,    0.000000,    0.000000,   24.966174,39537736.694681,    0.000000,    0.000000,  500.000000,    0.000000,    0.096281,    7.710519,    7.703444,    7.710519,   22.800073,  -34.596609,  -25.855571,  -22.435083,    0.000000,    0.000000,    0.044348,    1.132463,    0.851662,  723.130361,    0.174333,    0.001300,    0.001300,    0.000000
2015-11-27 24:00:00,494448547.635572,    0.000000,    0.000000,    0.000000,    0.000000,    0.000000,    0.000000,-75344.563439,970040.872860,    0.000000,    0.000000,   24.988794,39573558.871318,    0.000000,    0.000000,  500.000000,    0.000000,    0.096478,    7.561950,    7.561950,    7.561950,   60.172482,  -54.710890,  -38.446295,  -48.747885,    0.000000,    0.000000,    0.146912,    3.585547,    1.515420,    0.000000,    0.443724,    0.001300,    0.001300,    0.000000
2015-11-28 24:00:00,494379862.080970,    0.000000,    0.000000,    0.000000,    0.000000,    0.000000,    0.000000,-68790.058161,    0.000000,    0.000000,    0.000000,   24.987056,39570805.948023,    0.000000,    0.000000,  500.000000,    0.000000,    0.096671,    7.332271,    7.332271,    7.332271,   73.283937,  -49.964759,  -41.229697, -116.549612,    0.000000,    0.000000,    0.093630,    2.327958,    1.221077,    0.000000,    0.443730,    0.001300,    0.001300,    0.000000
2015-11-29 24:00:00,494335052.951525,    0.000000,    0.000000,    0.000000,    0.000000,    0.000000,    0.000000,-44874.703559,    0.000000,    0.000000,    0.000000,   24.985922,39569009.994026,    0.000000,    0.000000,  500.000000,    0.000000,    0.096859,    7.114847,    7.114847,    7.114847,   38.277116,  -32.602970,  -27.679646, -107.150587,    0.000000,    0.000000,    0.094838,    2.356935,    1.228653,    0.000000,    0.443734,    0.001300,    0.001300,    0.000000
2015-11-30 24:00:00,494669251.233011,    0.000000,    0.000000,    0.000000,    0.000000,    0.000000,    0.000000,-43278.104892,378004.374490,    0.000000,    0.000000,   24.994380,39582404.691640,    0.000000,    0.000000,  500.000000,    0.000000,    0.097042,    6.983690,    6.983690,    6.983690,   22.807738,  -31.437470,  -25.968917,  -40.436497,    0.000000,    0.000000,    0.240092,    5.689807,    1.908992,    0.000000,    0.443704,    0.001300,    0.001300,    0.000000
2015-12-01 24:00:00,494880605.642008,    0.000000,    0.000000,    0.000000,    0.000000,    0.000000,30817.586320,-63286.615535,305899.018569,    0.000000,    0.000000,   24.999729,39590875.795636,    0.000000,    0.000000,  500.000000,    0.000000,    0.097219,    6.880354,    6.880354,    6.880354,   77.780266,  -45.967331,  -29.318072,  -58.045007,    0.000000,    0.000000,    0.202251,    4.848288,    1.762177,    0.000000,    0.443686,    0.001300,    0.001300,    0.000000
2015-12-02 24:00:00,494653989.502144,    0.000000,    0.000000,    0.000000,    0.000000,    0.000000,242171.995317,-44881.887997,60464.165067,    0.000000,    0.000000,   24.993994,39581793.000074,    0.000000,    0.000000,  500.000000,    0.000000,    0.097392,    6.724837,    6.724837,    6.724837,   27.215599,  -32.610693,  -29.494457,  -56.787047,    0.000000,    0.000000,    0.188387,    4.535681,    1.704420,    0.000000,    0.443706,    0.001300,    0.001300,    0.000000
2015-12-03 24:00:00,494588980.286162,    0.000000,    0.000000,    0.000000,    0.000000,    0.000000,15555.855453,-49538.589300,    0.000000,    0.000000,    0.000000,   24.992348,39579187.424766,    0.000000,    0.000000,  500.000000,    0.000000,    0.097559,    6.530265,    6.530265,    6.530265,   81.593059,  -36.003667,  -31.902725, -126.242120,    0.000000,    0.000000,    0.207750,    4.971535,    1.784435,    0.000000,    0.443711,    0.001300,    0.001300,    0.000000
2015-12-04 24:00:00,494537837.014973,    0.000000,    0.000000,    0.000000,    0.000000,    0.000000,    0.000000,-51228.805112,    0.000000,    0.000000,    0.000000,   24.991054,39577137.597791,    0.000000,    0.000000,  500.000000,    0.000000,    0.097721,    6.338193,    6.338193,    6.338193,   81.114669,  -37.241158,  -30.274467, -124.694707,    0.000000,    0.000000,    0.172329,    4.170586,    1.634384,    0.000000,    0.443716,    0.001300,    0.001300,    0.000000
2015-12-05 24:00:00,494475327.932135,    0.000000,    0.000000,    0.000000,    0.000000,    0.000000,    0.000000,-62610.037125,    0.000000,    0.000000,    0.000000,   24.989472,39574632.228047,    0.000000,    0.000000,  500.000000,    0.000000,    0.097878,    6.130007,    6.130007,    6.130007,   81.192641,  -45.527157,  -29.450710, -126.622173,    0.000000,    0.000000,    0.223533,    5.323499,    1.846520,    0.000000,    0.443721,    0.001300,    0.001300,    0.000000
2015-12-06 24:00:00,494438538.695845,    0.000000,    0.000000,    0.000000,    0.000000,    0.000000,    0.000000,-36846.786111,    0.000000,    0.000000,    0.000000,   24.988541,39573157.712100,    0.000000,    0.000000,  500.000000,    0.000000,    0.098030,    6.021177,    5.935716,    6.021177,   77.598691,  -26.798338,  -25.002803, -111.614097,    0.000000,    0.000000,    0.063378,    1.596453,    1.011192,  217.537929,    0.415951,    0.001300,    0.001300,    0.000000
2015-12-07 24:00:00,494413264.538896,    0.000000,    0.000000,    0.000000,    0.000000,    0.000000,    0.000000,-25312.887513,    0.000000,    0.000000,    0.000000,   24.987901,39572144.721584,    0.000000,    0.000000,  500.000000,    0.000000,    0.098176,    5.892433,    5.892433,    5.892433,   76.439326,  -18.412587,   -9.892468,  -96.595844,    0.000000,    0.000000,    0.251484,    5.939955,    1.950505,    0.000000,    0.443727,    0.001300,    0.001300,    0.000000
2015-12-08 24:00:00,494371518.987519,    0.000000,    0.000000,    0.000000,    0.000000,    0.000000,    0.000000,-41808.119820,    0.000000,    0.000000,    0.000000,   24.986845,39570471.556076,    0.000000,    0.000000,  500.000000,    0.000000,    0.098317,    5.759120,    5.759120,    5.759120,   68.523983,  -30.416274,  -21.121583,  -93.030492,    0.000000,    0.000000,    0.224555,    5.346153,    1.850445,    0.000000,    0.443731,    0.001300,    0.001300,    0.000000
2015-12-09 24:00:00,494354937.172631,    0.000000,    0.000000,    0.000000,    0.000000,    0.000000,    0.000000,-16606.167873,    0.000000,    0.000000,    0.000000,   24.986425,39569806.955422,    0.000000,    0.000000,  500.000000,    0.000000,    0.098453,    5.745464,    5.694625,    5.745464,   76.512730,  -12.082133,    1.436740,  -69.387348,    0.000000,    0.000000,    0.150500,    3.668695,    1.532891,  195.162999,    0.518378,    0.001300,    0.001300,    0.000000
2015-12-10 24:00:00,494324046.138258,    0.000000,    0.000000,    0.000000,    0.000000,    0.000000,    0.000000,-30935.670838,    0.000000,    0.000000,    0.000000,   24.985643,39568568.839946,    0.000000,    0.000000,  500.000000,    0.000000,    0.098583,    5.736405,    5.736405,    5.736405,   71.344430,  -22.509870,   19.784782,  -68.767907,    0.000000,    0.000000,    0.507957,   11.274939,    2.687279,    0.000000,    0.443735,    0.001300,    0.001300,    0.000000
2015-12-11 24:00:00,494285107.132892,    0.000000,    0.000000,    0.000000,    0.000000,    0.000000,    0.000000,-38993.901167,    0.000000,    0.000000,    0.000000,   24.984658,39567008.161058,    0.000000,    0.000000,  500.000000,    0.000000,    0.098707,    5.684310,    5.599449,    5.684310,   59.397589,  -28.374366,   -0.295852,  -83.502012,    0.000000,    0.000000,    0.123962,    3.049167,    1.397481,   80.498641,    0.715250,    0.001300,    0.001300,    0.000000
2015-12-12 24:00:00,494273455.540448,    0.000000,    0.000000,    0.000000,    0.000000,    0.000000,    0.000000,-15592.738937, 3925.019820,    0.000000,    0.000000,   24.984363,39566541.164170,    0.000000,    0.000000,  500.000000,    0.000000,    0.098826,    5.682629,    5.577206,    5.682629,   71.529701,  -11.346962,    4.984937,  -47.902008,    0.000000,    0.000000,    0.159551,    3.877578,    1.575926,  107.193528,    0.424107,    0.001300,    0.001300,    0.000000
2015-12-13 24:00:00,494744866.803974,    0.000000,    0.000000,    0.000000,    0.000000,    0.000000,    0.000000,    0.000000,472158.830980,    0.000000,    0.000000,   24.996294,39585435.370623,    0.000000,    0.000000,  500.000000,    0.000000,    0.098940,    5.782124,    5.773040,    5.782124,   21.823554,    0.000000,   43.818891,    3.745203,    0.000000,    0.000000,    0.264648,    6.227519,    1.997161,   78.003705,    0.518419,    0.001300,    0.001300,    0.000000
2015-12-14 24:00:00,496142483.162311,    0.000000,    0.000000,    0.000000,    0.000000,    0.000000,106433.157283,-1874.685941,1504583.538131,    0.000000,    0.000000,   25.031539,39641251.773462,    0.000000,    0.000000,  500.000000,    0.000000,    0.099048,    5.943805,    5.943805,    5.943805,   31.266079,   -1.361242,   52.626096,    1.194894,    0.000000,    0.000000,    0.309272,    7.189753,    2.145915,    0.000000,    0.443575,    0.001300,    0.001300,    0.000000
2015-12-15 24:00:00,494594974.152736,    0.000000,    0.000000,    0.000000,    0.000000,    0.000000,1504049.515620,-43534.523256,    0.000000,    0.000000,    0.000000,   24.992500,39579427.659486,    0.000000,    0.000000,  500.000000,    0.000000,    0.099150,    5.871392,    5.871392,    5.871392,   72.469883,  -31.661872,  -12.862615,  -67.110582,    0.000000,    0.000000,    0.144986,    3.540876,    1.505951,    0.000000,    0.443711,    0.001300,    0.001300,    0.000000
2015-12-16 24:00:00,494552385.913638,    0.000000,    0.000000,    0.000000,    0.000000,    0.000000,    0.000000,-49182.449926, 6522.528973,    0.000000,    0.000000,   24.991422,39577720.718977,    0.000000,    0.000000,  500.000000,    0.000000,    0.099246,    5.785273,    5.785273,    5.785273,   66.258569,  -35.774524,  -10.216577,  -67.532936,    0.000000,    0.000000,    0.531004,   11.732711,    2.741290,    0.000000,    0.443715,    0.001300,    0.001300,    0.000000
2015-12-17 24:00:00,494433454.189304,    0.000000,    0.000000,    0.000000,    0.000000,    0.000000,    0.000000,-119122.297631,    0.000000,    0.000000,    0.000000,   24.988412,39572953.924614,    0.000000,    0.000000,  500.000000,    0.000000,    0.099337,    5.544134,    5.544134,    5.544134,   63.510072,  -86.669774,  -54.433203,  -63.739038,    0.000000,    0.000000,    0.232452,    5.521127,    1.880482,    0.000000,    0.443725,    0.001300,    0.001300,    0.000000
2015-12-18 24:00:00,494280637.393003,    0.000000,    0.000000,    0.000000,    0.000000,    0.000000,    0.000000,-153040.727062,    0.000000,    0.000000,    0.000000,   24.984545,39566829.013476,    0.000000,    0.000000,  500.000000,    0.000000,    0.099422,    5.140424,    5.140424,    5.140424,   57.123657, -111.401471,  -82.835880, -103.104179,    0.000000,    0.000000,    0.361629,    8.294082,    2.304834,    0.000000,    0.443739,    0.001300,    0.001300,    0.000000
2015-12-19 24:00:00,494144158.548988,    0.000000,    0.000000,    0.000000,    0.000000,    0.000000,    0.000000,-136682.500843,   23.739610,    0.000000,    0.000000,   24.981091,39561358.928955,    0.000000,    0.000000,  500.000000,    0.000000,    0.099501,    4.707992,    4.707992,    4.707992,   76.202725,  -99.546147,  -94.870575, -137.941782,    0.000000,    0.000000,    0.141629,    3.462753,    1.489245,    0.000000,    0.443751,    0.001300,    0.001300,    0.000000
2015-12-20 24:00:00,494077776.406504,    0.000000,    0.000000,    0.000000,    0.000000,    0.000000,    0.000000,-89098.024574,22635.017903,    0.000000,    0.000000,   24.979411,39558698.326628,    0.000000,    0.000000,  500.000000,    0.000000,    0.099575,    4.465333,    4.465333,    4.465333,   71.923316,  -64.917870,  -44.465485, -104.085721,    0.000000,    0.000000,    0.343362,    7.911042,    2.250983,    0.000000,    0.443756,    0.001300,    0.001300,    0.000000
2015-12-21 24:00:00,494198508.029753,    0.000000,    0.000000,    0.000000,    0.000000,    0.000000,    0.000000,-15334.993843,136214.306223,    0.000000,    0.000000,   24.982466,39563537.261103,    0.000000,    0.000000,  500.000000,    0.000000,    0.099643,    4.455809,    4.450794,    4.455809,   25.334501,  -11.172853,   -4.797293,  -14.145434,    0.000000,    0.000000,    0.066303,    1.667576,    1.033471,  324.920222,    0.076654,    0.001300,    0.001300,    0.000000
2015-12-22 24:00:00,494192056.402280,    0.000000,    0.000000,    0.000000,    0.000000,    0.000000,    0.000000,-16461.710448,10001.651857,    0.000000,    0.000000,   24.982303,39563278.679286,    0.000000,    0.000000,  500.000000,    0.000000,    0.099704,    4.418201,    4.418201,    4.418201,   68.966161,  -11.994263,   -6.327801,  -68.026381,    0.000000,    0.000000,    0.154526,    3.761718,    1.552203,    0.000000,    0.443746,    0.001300,    0.001300,    0.000000
2015-12-23 24:00:00,494571614.209276,    0.000000,    0.000000,    0.000000,    0.000000,    0.000000,    0.000000,-12465.936102,392566.030711,    0.000000,    0.000000,   24.991909,39578491.390820,    0.000000,    0.000000,  500.000000,    0.000000,    0.099760,    4.425539,    4.425539,    4.425539,   31.508777,   -9.079694,   17.545440,  -34.900285,    0.000000,    0.000000,    0.390349,    8.890944,    2.386324,    0.000000,    0.443713,    0.001300,    0.001300,    0.000000
2015-12-24 24:00:00,494584182.234946,    0.000000,    0.000000,    0.000000,    0.000000,    0.000000,    0.000000,-52416.717045,65004.472307,    0.000000,    0.000000,   24.992227,39578995.118436,    0.000000,    0.000000,  500.000000,    0.000000,    0.099811,    4.281399,    4.281399,    4.281399,   44.599897,  -38.179052,  -10.739286,  -80.222314,    0.000000,    0.000000,    0.033885,    0.876592,    0.749297,    0.000000,    0.443712,    0.001300,    0.001300,    0.000000
2015-12-25 24:00:00,494568178.338454,    0.000000,    0.000000,    0.000000,    0.000000,    0.000000,    0.000000,-17265.724456, 1234.864892,    0.000000,    0.000000,   24.991822,39578353.680804,    0.000000,    0.000000,  500.000000,    0.000000,    0.099855,    4.205122,    4.124035,    4.124035,   76.121918,  -12.578135,  -10.314364, -103.106941,    0.000000,    0.000000,    0.041825,    1.070828,    0.828162,  116.646472,    0.418991,    0.001300,    0.001300,    0.000000
2015-12-26 24:00:00,494609771.784175,    0.000000,    0.000000,    0.000000,    0.000000,    0.000000,    0.000000,-48068.141222,89730.579792,    0.000000,    0.000000,   24.992875,39580020.749904,    0.000000,    0.000000,  500.000000,    0.000000,    0.099893,    4.049702,    4.049702,    4.049702,   35.718648,  -35.020150,  -27.330359,  -56.348785,    0.000000,    0.000000,    0.165573,    4.015984,    1.603804,    0.000000,    0.443710,    0.001300,    0.001300,    0.000000
2015-12-27 24:00:00,494555283.002379,    0.000000,    0.000000,    0.000000,    0.000000,    0.000000,    0.000000,-54580.977626,    0.000000,    0.000000,    0.000000,   24.991496,39577836.834558,    0.000000,    0.000000,  500.000000,    0.000000,    0.099926,    3.923866,    3.923866,    3.923866,   71.823837,  -39.771039,  -29.300858,  -73.660097,    0.000000,    0.000000,    0.267949,    6.299264,    2.008632,    0.000000,    0.443714,    0.001300,    0.001300,    0.000000
2015-12-28 24:00:00,495271481.704163,    0.000000,    0.000000,    0.000000,    0.000000,    0.000000,    0.000000,-100553.441044,816647.002907,    0.000000,    0.000000,   25.009583,39606481.316350,    0.000000,    0.000000,  500.000000,    0.000000,    0.099953,    3.574260,    3.574260,    3.574260,   31.332255,  -73.232621,  -80.032014,  -81.163877,    0.000000,    0.000000,    0.647183,   14.001341,    2.994630,    0.000000,    0.443651,    0.001300,    0.001300,    0.000000
2015-12-29 24:00:00,494903565.658855,    0.000000,    0.000000,    0.000000,    0.000000,    0.000000,633048.057472,-63214.174496,328781.640725,    0.000000,    0.000000,   25.000309,39591794.074492,    0.000000,    0.000000,  500.000000,    0.000000,    0.099973,    3.400877,    3.367700,    3.367700,   37.160848,  -46.066788,  -55.220270,  -42.581301,    0.000000,    0.000000,    0.120977,    2.978872,    1.381279,   50.534009,    0.141043,    0.001300,    0.001300,    0.000000
2015-12-30 24:00:00,494614637.399118,    0.000000,    0.000000,    0.000000,    0.000000,    0.000000,265132.012164,-23837.555712,    0.000000,    0.000000,    0.000000,   24.992998,39580215.764195,    0.000000,    0.000000,  500.000000,    0.000000,    0.099988,    3.406952,    3.019798,    3.019798,   37.650430,  -17.385802,  -23.386347,  -60.434914,    0.000000,    0.000000,    0.107412,    2.657399,    1.304619,   59.185291,    0.444918,    0.001300,    0.001300,    0.000000
2015-12-31 24:00:00,494597990.694746,    0.000000,    0.000000,    0.000000,    0.000000,    0.000000,    0.000000,-16675.262718,    0.000000,    0.000000,    0.000000,   24.992576,39579548.562764,    0.000000,    0.000000,  500.000000,    0.000000,    0.099997,    3.406952,    2.509363,    2.509363,    0.000000,  -12.163311,  -17.247449,  -29.930001,    0.000000,    0.000000,    0.112977,    2.789603,    1.336678,   38.421152,    0.430496,    0.001300,    0.001300,    0.000000
